VALUE,COUNT,EVTname,EVTgroupname,EVH,EVC
1,102260,Open Water,Open Water,Open Water,Open Water
2,659558,Laurentian-Acadian Northern Hardwoods Forest,Yellow Birch-Sugar Maple Forest,Forest Height 10 to 25 meters,Tree Cover >= 70 and < 80%
3,84927,Boreal Aspen-Birch Forest,Aspen-Birch Forest,Forest Height 10 to 25 meters,Tree Cover >= 70 and < 80%
4,88946,Laurentian-Acadian Pine-Hemlock-Hardwood Forest,Pine-Hemlock-Hardwood Forest,Forest Height 10 to 25 meters,Tree Cover >= 70 and < 80%
5,308548,Laurentian-Acadian Northern Hardwoods Forest,Yellow Birch-Sugar Maple Forest,Forest Height 10 to 25 meters,Tree Cover >= 80 and < 90%
6,44890,Boreal White Spruce-Fir-Hardwood Forest,Spruce-Fir-Hardwood Forest,Forest Height 10 to 25 meters,Tree Cover >= 70 and < 80%
7,44480,Boreal White Spruce-Fir Forest,Spruce-Fir-Hardwood Forest,Forest Height 10 to 25 meters,Tree Cover >= 70 and < 80%
8,62377,Laurentian-Acadian Pine-Hemlock Forest,Pine-Hemlock-Hardwood Forest,Forest Height 10 to 25 meters,Tree Cover >= 70 and < 80%
9,10699,Boreal Aspen-Birch Forest,Aspen-Birch Forest,Forest Height 10 to 25 meters,Tree Cover >= 80 and < 90%
10,43540,Laurentian-Acadian Alkaline Conifer-Hardwood Swamp Forest,Atlantic Swamp Forests,Forest Height 10 to 25 meters,Tree Cover >= 70 and < 80%
11,31437,Boreal White Spruce-Fir Forest,Spruce-Fir-Hardwood Forest,Forest Height 10 to 25 meters,Tree Cover >= 60 and < 70%
12,4709,Boreal Hardwood Forest,Spruce-Fir-Hardwood Forest,Forest Height 10 to 25 meters,Tree Cover >= 70 and < 80%
13,8096,Eastern Cool Temperate Urban Mixed Forest,Developed-Upland Mixed Forest,Developed-Upland Mixed Forest,Developed-Upland Mixed Forest
14,16266,Laurentian-Acadian Northern Hardwoods Forest,Yellow Birch-Sugar Maple Forest,Forest Height 10 to 25 meters,Tree Cover >= 90 and <= 100%
15,38837,Developed-Roads,Developed-Roads,Developed-Roads,Developed-Roads
16,51076,Laurentian-Acadian Alkaline Conifer-Hardwood Swamp Forest,Atlantic Swamp Forests,Forest Height 10 to 25 meters,Tree Cover >= 60 and < 70%
17,15147,Laurentian-Acadian Northern Hardwoods Forest,Yellow Birch-Sugar Maple Forest,Forest Height 5 to 10 meters,Tree Cover >= 60 and < 70%
18,77347,Laurentian-Acadian Hardwood Forest,Pine-Hemlock-Hardwood Forest,Forest Height 10 to 25 meters,Tree Cover >= 70 and < 80%
19,14242,Laurentian-Acadian Pine-Hemlock-Hardwood Forest,Pine-Hemlock-Hardwood Forest,Forest Height 10 to 25 meters,Tree Cover >= 80 and < 90%
20,39767,Boreal Acidic Peatland Forest,Peatland Forests,Forest Height 10 to 25 meters,Tree Cover >= 60 and < 70%
21,169,Eastern Boreal Floodplain Woodland,Jack Pine Forest,Forest Height 10 to 25 meters,Tree Cover >= 80 and < 90%
22,6211,Laurentian-Acadian Alkaline Conifer-Hardwood Swamp Forest,Atlantic Swamp Forests,Forest Height 10 to 25 meters,Tree Cover >= 80 and < 90%
23,29865,Laurentian-Acadian Hardwood Forest,Pine-Hemlock-Hardwood Forest,Forest Height 10 to 25 meters,Tree Cover >= 80 and < 90%
24,4463,Eastern Cool Temperate Urban Deciduous Forest,Developed-Upland Deciduous Forest,Developed-Upland Deciduous Forest,Developed-Upland Deciduous Forest
25,2827,Laurentian-Acadian Northern Pine Forest,Red Pine-White Pine Forest and Woodland,Forest Height 10 to 25 meters,Tree Cover >= 60 and < 70%
26,1864,Barren,Barren,Barren,Barren
27,50392,Laurentian-Acadian Northern Hardwoods Forest,Yellow Birch-Sugar Maple Forest,Forest Height 10 to 25 meters,Tree Cover >= 60 and < 70%
28,24782,Boreal Acidic Peatland Forest,Peatland Forests,Forest Height 10 to 25 meters,Tree Cover >= 70 and < 80%
29,665,Eastern Boreal Floodplain Woodland,Jack Pine Forest,Forest Height 10 to 25 meters,Tree Cover >= 60 and < 70%
30,9140,Laurentian-Acadian Northern Hardwoods Forest,Yellow Birch-Sugar Maple Forest,Forest Height 25 to 50 meters,Tree Cover >= 70 and < 80%
31,1450,Boreal Jack Pine-Black Spruce Forest,Jack Pine Forest,Forest Height 10 to 25 meters,Tree Cover >= 70 and < 80%
32,1878,Laurentian-Acadian Northern Pine-Oak Forest,Red Pine-White Pine Forest and Woodland,Forest Height 10 to 25 meters,Tree Cover >= 60 and < 70%
33,63,Laurentian Oak Barrens,Jack Pine Forest,Forest Height 10 to 25 meters,Tree Cover >= 70 and < 80%
34,531,Boreal Aspen-Birch Forest,Aspen-Birch Forest,Forest Height 10 to 25 meters,Tree Cover >= 90 and <= 100%
35,4468,Eastern Cool Temperate Urban Evergreen Forest,Developed-Upland Evergreen Forest,Developed-Upland Evergreen Forest,Developed-Upland Evergreen Forest
36,7170,Boreal Hardwood Forest,Spruce-Fir-Hardwood Forest,Forest Height 10 to 25 meters,Tree Cover >= 60 and < 70%
37,14853,Boreal Aspen-Birch Forest,Aspen-Birch Forest,Forest Height 10 to 25 meters,Tree Cover >= 60 and < 70%
38,5285,Laurentian-Acadian Pine-Hemlock Forest,Pine-Hemlock-Hardwood Forest,Forest Height 10 to 25 meters,Tree Cover >= 80 and < 90%
39,312,Laurentian-Acadian Alkaline Conifer-Hardwood Swamp Shrubland,Atlantic Swamp Forests,Shrub Height > 3.0 meters,Shrub Cover >= 40 and < 50%
40,354,Boreal Acidic Peatland Shrubland,Peatland Forests,Shrub Height > 3.0 meters,Shrub Cover >= 40 and < 50%
41,1411,Laurentian-Acadian Northern Pine-Oak Forest,Red Pine-White Pine Forest and Woodland,Forest Height 10 to 25 meters,Tree Cover >= 70 and < 80%
42,14556,Laurentian-Acadian Alkaline Conifer-Hardwood Swamp Forest,Atlantic Swamp Forests,Forest Height 10 to 25 meters,Tree Cover >= 50 and < 60%
43,3969,Boreal Jack Pine-Black Spruce Forest,Jack Pine Forest,Forest Height 10 to 25 meters,Tree Cover >= 60 and < 70%
44,40610,Boreal Acidic Peatland Shrubland,Peatland Forests,Shrub Height > 3.0 meters,Shrub Cover >= 10 and < 20%
45,20356,Laurentian-Acadian Alkaline Conifer-Hardwood Swamp Shrubland,Atlantic Swamp Forests,Shrub Height > 3.0 meters,Shrub Cover >= 10 and < 20%
46,4878,Laurentian-Acadian Pine-Hemlock-Hardwood Forest,Pine-Hemlock-Hardwood Forest,Forest Height 10 to 25 meters,Tree Cover >= 60 and < 70%
47,14704,Laurentian-Acadian Northern Hardwoods Forest,Yellow Birch-Sugar Maple Forest,Forest Height 10 to 25 meters,Tree Cover >= 40 and < 50%
48,2572,Boreal White Spruce-Fir-Hardwood Forest,Spruce-Fir-Hardwood Forest,Forest Height 10 to 25 meters,Tree Cover >= 80 and < 90%
49,451,Eastern Boreal Floodplain Woodland,Jack Pine Forest,Forest Height 10 to 25 meters,Tree Cover >= 70 and < 80%
50,6288,Laurentian-Acadian Northern Hardwoods Forest,Yellow Birch-Sugar Maple Forest,Forest Height 25 to 50 meters,Tree Cover >= 80 and < 90%
51,3829,Laurentian-Acadian Alkaline Conifer-Hardwood Swamp Forest,Atlantic Swamp Forests,Forest Height 10 to 25 meters,Tree Cover >= 40 and < 50%
52,77,Laurentian-Acadian Alkaline Conifer-Hardwood Swamp Shrubland,Atlantic Swamp Forests,Shrub Height > 3.0 meters,Shrub Cover >= 30 and < 40%
53,23316,Laurentian-Acadian Northern Hardwoods Forest,Yellow Birch-Sugar Maple Forest,Forest Height 10 to 25 meters,Tree Cover >= 50 and < 60%
54,34530,Boreal Acidic Peatland Forest,Peatland Forests,Forest Height 10 to 25 meters,Tree Cover >= 50 and < 60%
55,3156,Laurentian-Acadian Hardwood Forest,Pine-Hemlock-Hardwood Forest,Forest Height 10 to 25 meters,Tree Cover >= 50 and < 60%
56,4165,Boreal Aspen-Birch Forest,Aspen-Birch Forest,Forest Height 10 to 25 meters,Tree Cover >= 50 and < 60%
57,6233,Laurentian-Acadian Hardwood Forest,Pine-Hemlock-Hardwood Forest,Forest Height 10 to 25 meters,Tree Cover >= 60 and < 70%
58,2458,Laurentian-Acadian Hardwood Forest,Pine-Hemlock-Hardwood Forest,Forest Height 10 to 25 meters,Tree Cover >= 40 and < 50%
59,496,Boreal Hardwood Forest,Spruce-Fir-Hardwood Forest,Forest Height 10 to 25 meters,Tree Cover >= 80 and < 90%
60,2062,Laurentian-Acadian Hardwood Forest,Pine-Hemlock-Hardwood Forest,Forest Height 10 to 25 meters,Tree Cover >= 90 and <= 100%
61,1007,Boreal Aspen-Birch Forest,Aspen-Birch Forest,Forest Height 10 to 25 meters,Tree Cover >= 30 and < 40%
62,6332,Boreal White Spruce-Fir-Hardwood Forest,Spruce-Fir-Hardwood Forest,Forest Height 10 to 25 meters,Tree Cover >= 60 and < 70%
63,1820,Laurentian-Acadian Pine-Hemlock Forest,Pine-Hemlock-Hardwood Forest,Forest Height 5 to 10 meters,Tree Cover >= 60 and < 70%
64,2653,Boreal Aspen-Birch Forest,Aspen-Birch Forest,Forest Height 10 to 25 meters,Tree Cover >= 40 and < 50%
65,640,Laurentian-Acadian Pine-Hemlock-Hardwood Forest,Pine-Hemlock-Hardwood Forest,Forest Height 10 to 25 meters,Tree Cover >= 90 and <= 100%
66,853,Laurentian-Acadian Alkaline Conifer-Hardwood Swamp Forest,Atlantic Swamp Forests,Forest Height 10 to 25 meters,Tree Cover >= 20 and < 30%
67,3863,Eastern Cool Temperate Urban Herbaceous,Developed-Upland Herbaceous,Developed-Upland Herbaceous,Developed-Upland Herbaceous
68,341,Laurentian-Acadian Northern Hardwoods Forest,Yellow Birch-Sugar Maple Forest,Forest Height 25 to 50 meters,Tree Cover >= 90 and <= 100%
69,213,Laurentian-Acadian Alkaline Conifer-Hardwood Swamp Shrubland,Atlantic Swamp Forests,Shrub Height > 3.0 meters,Shrub Cover >= 20 and < 30%
70,3136,Boreal White Spruce-Fir Forest,Spruce-Fir-Hardwood Forest,Forest Height 10 to 25 meters,Tree Cover >= 80 and < 90%
71,51,Boreal Acidic Peatland Shrubland,Peatland Forests,Shrub Height > 3.0 meters,Shrub Cover >= 30 and < 40%
72,121,Laurentian-Acadian Alkaline Conifer-Hardwood Swamp Forest,Atlantic Swamp Forests,Forest Height 5 to 10 meters,Tree Cover >= 10 and < 20%
73,2171,Laurentian-Acadian Pine-Hemlock Forest,Pine-Hemlock-Hardwood Forest,Forest Height 10 to 25 meters,Tree Cover >= 60 and < 70%
74,3948,Eastern Cool Temperate Urban Shrubland,Developed-Upland Shrubland,Developed-Upland Shrubland,Developed-Upland Shrubland
75,39,Laurentian-Acadian Alkaline Conifer-Hardwood Swamp Forest,Atlantic Swamp Forests,Forest Height 0 to 5 meters,Tree Cover >= 20 and < 30%
76,408,Laurentian-Acadian Pine-Hemlock Forest,Pine-Hemlock-Hardwood Forest,Forest Height 10 to 25 meters,Tree Cover >= 90 and <= 100%
77,166,Eastern Cool Temperate Developed Ruderal Grassland,Developed-Upland Herbaceous,Herb Height 0.5 to 1.0 meters,Herb Cover >= 10 and < 20%
78,327,Laurentian-Acadian Alkaline Conifer-Hardwood Swamp Shrubland,Atlantic Swamp Forests,Shrub Height 0 to 0.5 meters,Shrub Cover >= 10 and < 20%
79,340,Laurentian-Acadian Alkaline Conifer-Hardwood Swamp Forest,Atlantic Swamp Forests,Forest Height 5 to 10 meters,Tree Cover >= 30 and < 40%
80,500,Laurentian-Acadian Alkaline Conifer-Hardwood Swamp Forest,Atlantic Swamp Forests,Forest Height 5 to 10 meters,Tree Cover >= 20 and < 30%
81,20,Eastern Boreal Floodplain Shrubland,Jack Pine Forest,Shrub Height > 3.0 meters,Shrub Cover >= 20 and < 30%
82,84,Boreal Jack Pine-Black Spruce Forest,Jack Pine Forest,Forest Height 5 to 10 meters,Tree Cover >= 30 and < 40%
83,1677,Laurentian-Acadian Northern Pine Forest,Red Pine-White Pine Forest and Woodland,Forest Height 10 to 25 meters,Tree Cover >= 70 and < 80%
84,2595,Boreal Jack Pine-Black Spruce Forest,Jack Pine Forest,Forest Height 10 to 25 meters,Tree Cover >= 50 and < 60%
85,13,Boreal Acidic Peatland Shrubland,Peatland Forests,Shrub Height 0.5 to 1.0 meter,Shrub Cover >= 20 and < 30%
86,1277,Laurentian-Acadian Pine-Hemlock-Hardwood Forest,Pine-Hemlock-Hardwood Forest,Forest Height 10 to 25 meters,Tree Cover >= 50 and < 60%
87,1136,Laurentian-Acadian Pine-Hemlock-Hardwood Forest,Pine-Hemlock-Hardwood Forest,Forest Height 10 to 25 meters,Tree Cover >= 40 and < 50%
88,4668,Boreal Acidic Peatland Forest,Peatland Forests,Forest Height 10 to 25 meters,Tree Cover >= 80 and < 90%
89,135,Boreal Acidic Peatland Shrubland,Peatland Forests,Shrub Height 0 to 0.5 meters,Shrub Cover >= 10 and < 20%
90,40,Boreal Acidic Peatland Shrubland,Peatland Forests,Shrub Height 0.5 to 1.0 meter,Shrub Cover >= 10 and < 20%
91,98,Laurentian-Acadian Alkaline Conifer-Hardwood Swamp Shrubland,Atlantic Swamp Forests,Shrub Height 0.5 to 1.0 meter,Shrub Cover >= 10 and < 20%
92,2565,Recently Logged-Herb and Grass Cover,Transitional Herbacous Vegetation,Herb Height 0.5 to 1.0 meters,Herb Cover >= 50 and < 60%
93,443,Laurentian-Acadian Pine-Hemlock Forest,Pine-Hemlock-Hardwood Forest,Forest Height 10 to 25 meters,Tree Cover >= 40 and < 50%
94,5110,Laurentian-Acadian Northern Hardwoods Forest,Yellow Birch-Sugar Maple Forest,Forest Height 10 to 25 meters,Tree Cover >= 30 and < 40%
95,5612,Developed-Medium Intensity,Developed-Medium Intensity,Developed - Medium Intensity,Developed - Medium Intensity
96,158,Laurentian-Acadian Pine-Hemlock Forest,Pine-Hemlock-Hardwood Forest,Forest Height 5 to 10 meters,Tree Cover >= 20 and < 30%
97,685,Laurentian-Acadian Pine-Hemlock Forest,Pine-Hemlock-Hardwood Forest,Forest Height 10 to 25 meters,Tree Cover >= 50 and < 60%
98,41,Laurentian-Acadian Alkaline Conifer-Hardwood Swamp Forest,Atlantic Swamp Forests,Forest Height 5 to 10 meters,Tree Cover >= 50 and < 60%
99,114,Boreal Jack Pine-Black Spruce Forest,Jack Pine Forest,Forest Height 10 to 25 meters,Tree Cover >= 80 and < 90%
100,357,Laurentian-Acadian Pine-Hemlock-Hardwood Forest,Pine-Hemlock-Hardwood Forest,Forest Height 10 to 25 meters,Tree Cover >= 30 and < 40%
101,3671,Recently Logged-Herb and Grass Cover,Transitional Herbacous Vegetation,Herb Height 0.5 to 1.0 meters,Herb Cover >= 40 and < 50%
102,297,Eastern Cool Temperate Developed Ruderal Grassland,Developed-Upland Herbaceous,Herb Height 0.5 to 1.0 meters,Herb Cover >= 50 and < 60%
103,12430,Boreal Acidic Peatland Forest,Peatland Forests,Forest Height 10 to 25 meters,Tree Cover >= 40 and < 50%
104,547,Eastern Cool Temperate Developed Ruderal Grassland,Developed-Upland Herbaceous,Herb Height 0.5 to 1.0 meters,Herb Cover >= 40 and < 50%
105,35,Laurentian-Acadian Pine-Hemlock-Hardwood Forest,Pine-Hemlock-Hardwood Forest,Forest Height 5 to 10 meters,Tree Cover >= 40 and < 50%
106,289,Laurentian-Acadian Alkaline Conifer-Hardwood Swamp Forest,Atlantic Swamp Forests,Forest Height 10 to 25 meters,Tree Cover >= 90 and <= 100%
107,99,Eastern Cool Temperate Developed Ruderal Shrubland,Developed-Upland Shrubland,Shrub Height > 3.0 meters,Shrub Cover >= 10 and < 20%
108,8,Laurentian-Acadian Pine-Hemlock Forest,Pine-Hemlock-Hardwood Forest,Forest Height 5 to 10 meters,Tree Cover >= 90 and <= 100%
109,993,Laurentian-Acadian Hardwood Forest,Pine-Hemlock-Hardwood Forest,Forest Height 25 to 50 meters,Tree Cover >= 70 and < 80%
110,62,Laurentian-Acadian Pine-Hemlock-Hardwood Forest,Pine-Hemlock-Hardwood Forest,Forest Height 10 to 25 meters,Tree Cover >= 20 and < 30%
111,130,Eastern Cool Temperate Pasture and Hayland,Agricultural-Pasture and Hayland,Herb Height 0.5 to 1.0 meters,Herb Cover >= 50 and < 60%
112,456,Laurentian-Acadian Northern Oak Forest,Red Pine-White Pine Forest and Woodland,Forest Height 10 to 25 meters,Tree Cover >= 70 and < 80%
113,10,Eastern Boreal Floodplain Herbaceous,Jack Pine Forest,Herb Height 0 to 0.5 meters,Herb Cover >= 10 and < 20%
114,12,Eastern Boreal Floodplain Herbaceous,Jack Pine Forest,Herb Height 0.5 to 1.0 meters,Herb Cover >= 10 and < 20%
115,6169,Boreal Acidic Peatland Forest,Peatland Forests,Forest Height 10 to 25 meters,Tree Cover >= 30 and < 40%
116,84,Laurentian-Acadian Pine-Hemlock Forest,Pine-Hemlock-Hardwood Forest,Forest Height 10 to 25 meters,Tree Cover >= 30 and < 40%
117,32,Eastern Cool Temperate Pasture and Hayland,Agricultural-Pasture and Hayland,Herb Height 0.5 to 1.0 meters,Herb Cover >= 10 and < 20%
118,131,Boreal Acidic Peatland Herbaceous,Peatland Forests,Herb Height 0.5 to 1.0 meters,Herb Cover >= 30 and < 40%
119,104,Great Lakes Coastal Marsh Herbaceous,Inland Marshes and Prairies,Herb Height 0.5 to 1.0 meters,Herb Cover >= 40 and < 50%
120,8,Laurentian-Acadian Pine-Hemlock Forest,Pine-Hemlock-Hardwood Forest,Forest Height 5 to 10 meters,Tree Cover >= 10 and < 20%
121,147,Laurentian-Acadian Hardwood Forest,Pine-Hemlock-Hardwood Forest,Forest Height 25 to 50 meters,Tree Cover >= 60 and < 70%
122,111,Eastern Boreal Floodplain Shrubland,Jack Pine Forest,Shrub Height > 3.0 meters,Shrub Cover >= 10 and < 20%
123,21,Laurentian-Acadian Alkaline Conifer-Hardwood Swamp Forest,Atlantic Swamp Forests,Forest Height 5 to 10 meters,Tree Cover >= 60 and < 70%
124,132,Boreal Aspen-Birch Forest,Aspen-Birch Forest,Forest Height 25 to 50 meters,Tree Cover >= 80 and < 90%
125,645,Laurentian-Acadian Hardwood Forest,Pine-Hemlock-Hardwood Forest,Forest Height 25 to 50 meters,Tree Cover >= 80 and < 90%
126,3054,Boreal White Spruce-Fir Forest,Spruce-Fir-Hardwood Forest,Forest Height 10 to 25 meters,Tree Cover >= 50 and < 60%
127,90,Boreal Acidic Peatland Forest,Peatland Forests,Forest Height 5 to 10 meters,Tree Cover >= 60 and < 70%
128,1,Laurentian-Acadian Pine-Hemlock Forest,Pine-Hemlock-Hardwood Forest,Forest Height 0 to 5 meters,Tree Cover >= 60 and < 70%
129,50,Eastern Cool Temperate Developed Ruderal Grassland,Developed-Upland Herbaceous,Herb Height 0 to 0.5 meters,Herb Cover >= 10 and < 20%
130,4,Laurentian-Acadian Northern Hardwoods Forest,Yellow Birch-Sugar Maple Forest,Forest Height 0 to 5 meters,Tree Cover >= 80 and < 90%
131,5,Eastern Boreal Floodplain Woodland,Jack Pine Forest,Forest Height 25 to 50 meters,Tree Cover >= 70 and < 80%
132,667,Laurentian-Acadian Hardwood Forest,Pine-Hemlock-Hardwood Forest,Forest Height 10 to 25 meters,Tree Cover >= 30 and < 40%
133,181,Eastern Cool Temperate Pasture and Hayland,Agricultural-Pasture and Hayland,Herb Height 0.5 to 1.0 meters,Herb Cover >= 40 and < 50%
134,39,Laurentian-Acadian Northern Oak Forest,Red Pine-White Pine Forest and Woodland,Forest Height 10 to 25 meters,Tree Cover >= 80 and < 90%
135,112,Eastern Cool Temperate Developed Ruderal Deciduous Forest,Developed-Upland Deciduous Forest,Forest Height 10 to 25 meters,Tree Cover >= 80 and < 90%
136,67,Laurentian-Acadian Pine-Hemlock Forest,Pine-Hemlock-Hardwood Forest,Forest Height 10 to 25 meters,Tree Cover >= 20 and < 30%
137,10,Eastern Boreal Floodplain Woodland,Jack Pine Forest,Forest Height 10 to 25 meters,Tree Cover >= 90 and <= 100%
138,365,Laurentian-Acadian Northern Oak Forest,Red Pine-White Pine Forest and Woodland,Forest Height 10 to 25 meters,Tree Cover >= 60 and < 70%
139,359,Boreal Aspen-Birch Forest,Aspen-Birch Forest,Forest Height 25 to 50 meters,Tree Cover >= 70 and < 80%
140,1335,Laurentian-Acadian Northern Hardwoods Forest,Yellow Birch-Sugar Maple Forest,Forest Height 10 to 25 meters,Tree Cover >= 20 and < 30%
141,107,Laurentian-Acadian Herbaceous Wetlands,Inland Marshes and Prairies,Herb Height 0.5 to 1.0 meters,Herb Cover >= 50 and < 60%
142,4,Laurentian-Acadian Northern Hardwoods Forest,Yellow Birch-Sugar Maple Forest,Forest Height 0 to 5 meters,Tree Cover >= 70 and < 80%
143,41,Laurentian-Acadian Northern Hardwoods Forest,Yellow Birch-Sugar Maple Forest,Forest Height 0 to 5 meters,Tree Cover >= 60 and < 70%
144,83,Eastern Cool Temperate Developed Ruderal Grassland,Developed-Upland Herbaceous,Herb Height 0.5 to 1.0 meters,Herb Cover >= 20 and < 30%
145,66,Laurentian-Acadian Alkaline Conifer-Hardwood Swamp Forest,Atlantic Swamp Forests,Forest Height 25 to 50 meters,Tree Cover >= 70 and < 80%
146,10,Eastern Cool Temperate Developed Ruderal Evergreen Forest,Developed-Upland Evergreen Forest,Forest Height 10 to 25 meters,Tree Cover >= 30 and < 40%
147,70,Eastern Cool Temperate Developed Ruderal Deciduous Forest,Developed-Upland Deciduous Forest,Forest Height 10 to 25 meters,Tree Cover >= 20 and < 30%
148,68,Eastern Cool Temperate Developed Ruderal Deciduous Forest,Developed-Upland Deciduous Forest,Forest Height 10 to 25 meters,Tree Cover >= 30 and < 40%
149,2,Boreal Aspen-Birch Forest,Aspen-Birch Forest,Forest Height 5 to 10 meters,Tree Cover >= 80 and < 90%
150,140,Eastern Cool Temperate Developed Ruderal Grassland,Developed-Upland Herbaceous,Herb Height 0.5 to 1.0 meters,Herb Cover >= 30 and < 40%
151,285,Boreal Acidic Peatland Herbaceous,Peatland Forests,Herb Height 0.5 to 1.0 meters,Herb Cover >= 20 and < 30%
152,1178,Boreal Acidic Peatland Herbaceous,Peatland Forests,Herb Height 0.5 to 1.0 meters,Herb Cover >= 10 and < 20%
153,3,Eastern Cool Temperate Developed Ruderal Evergreen Forest,Developed-Upland Evergreen Forest,Forest Height 10 to 25 meters,Tree Cover >= 40 and < 50%
154,22,Eastern Cool Temperate Developed Ruderal Mixed Forest,Developed-Upland Mixed Forest,Forest Height 10 to 25 meters,Tree Cover >= 30 and < 40%
155,50,Laurentian-Acadian Shrub Wetlands,Inland Marshes and Prairies,Shrub Height > 3.0 meters,Shrub Cover >= 20 and < 30%
156,18,Eastern Cool Temperate Developed Ruderal Mixed Forest,Developed-Upland Mixed Forest,Forest Height 10 to 25 meters,Tree Cover >= 80 and < 90%
157,74,Eastern Boreal Floodplain Woodland,Jack Pine Forest,Forest Height 10 to 25 meters,Tree Cover >= 50 and < 60%
158,328,Laurentian-Acadian Herbaceous Wetlands,Inland Marshes and Prairies,Herb Height 0.5 to 1.0 meters,Herb Cover >= 60 and < 70%
159,21,Laurentian-Acadian Herbaceous Wetlands,Inland Marshes and Prairies,Herb Height 0.5 to 1.0 meters,Herb Cover >= 20 and < 30%
160,375,Laurentian-Acadian Herbaceous Wetlands,Inland Marshes and Prairies,Herb Height 0 to 0.5 meters,Herb Cover >= 60 and < 70%
161,8,Eastern Cool Temperate Developed Ruderal Mixed Forest,Developed-Upland Mixed Forest,Forest Height 10 to 25 meters,Tree Cover >= 40 and < 50%
162,40,Laurentian-Acadian Hardwood Forest,Pine-Hemlock-Hardwood Forest,Forest Height 25 to 50 meters,Tree Cover >= 90 and <= 100%
163,4858,Laurentian-Acadian Northern Hardwoods Forest,Yellow Birch-Sugar Maple Forest,Forest Height 5 to 10 meters,Tree Cover >= 20 and < 30%
164,75,Eastern Cool Temperate Developed Ruderal Deciduous Forest,Developed-Upland Deciduous Forest,Forest Height 10 to 25 meters,Tree Cover >= 40 and < 50%
165,155,Laurentian-Acadian Northern Pine Forest,Red Pine-White Pine Forest and Woodland,Forest Height 10 to 25 meters,Tree Cover >= 80 and < 90%
166,3,Boreal Aspen-Birch Forest,Aspen-Birch Forest,Forest Height 0 to 5 meters,Tree Cover >= 60 and < 70%
167,32,Eastern Cool Temperate Developed Ruderal Deciduous Forest,Developed-Upland Deciduous Forest,Forest Height 5 to 10 meters,Tree Cover >= 10 and < 20%
168,172,Laurentian-Acadian Hardwood Forest,Pine-Hemlock-Hardwood Forest,Forest Height 10 to 25 meters,Tree Cover >= 20 and < 30%
169,4,Eastern Cool Temperate Developed Ruderal Evergreen Forest,Developed-Upland Evergreen Forest,Forest Height 10 to 25 meters,Tree Cover >= 80 and < 90%
170,2,Eastern Cool Temperate Developed Ruderal Mixed Forest,Developed-Upland Mixed Forest,Forest Height 10 to 25 meters,Tree Cover >= 90 and <= 100%
171,51,Eastern Cool Temperate Developed Ruderal Deciduous Forest,Developed-Upland Deciduous Forest,Forest Height 10 to 25 meters,Tree Cover >= 60 and < 70%
172,5,Eastern Cool Temperate Developed Ruderal Evergreen Forest,Developed-Upland Evergreen Forest,Forest Height 10 to 25 meters,Tree Cover >= 10 and < 20%
173,28,Eastern Cool Temperate Developed Ruderal Mixed Forest,Developed-Upland Mixed Forest,Forest Height 10 to 25 meters,Tree Cover >= 70 and < 80%
174,97,Eastern Cool Temperate Developed Ruderal Deciduous Forest,Developed-Upland Deciduous Forest,Forest Height 10 to 25 meters,Tree Cover >= 70 and < 80%
175,6,Eastern Cool Temperate Developed Ruderal Evergreen Forest,Developed-Upland Evergreen Forest,Forest Height 10 to 25 meters,Tree Cover >= 20 and < 30%
176,20,Eastern Cool Temperate Developed Ruderal Mixed Forest,Developed-Upland Mixed Forest,Forest Height 10 to 25 meters,Tree Cover >= 20 and < 30%
177,63,Eastern Cool Temperate Developed Ruderal Deciduous Forest,Developed-Upland Deciduous Forest,Forest Height 10 to 25 meters,Tree Cover >= 10 and < 20%
178,21,Eastern Cool Temperate Pasture and Hayland,Agricultural-Pasture and Hayland,Herb Height 0.5 to 1.0 meters,Herb Cover >= 30 and < 40%
179,5,Boreal Acidic Peatland Forest,Peatland Forests,Forest Height 5 to 10 meters,Tree Cover >= 80 and < 90%
180,38,Laurentian-Acadian Herbaceous Wetlands,Inland Marshes and Prairies,Herb Height 0.5 to 1.0 meters,Herb Cover >= 10 and < 20%
181,12,Laurentian-Acadian Herbaceous Wetlands,Inland Marshes and Prairies,Herb Height 0 to 0.5 meters,Herb Cover >= 20 and < 30%
182,130,Laurentian-Acadian Pine-Hemlock-Hardwood Forest,Pine-Hemlock-Hardwood Forest,Forest Height 5 to 10 meters,Tree Cover >= 10 and < 20%
183,109,Laurentian-Acadian Herbaceous Wetlands,Inland Marshes and Prairies,Herb Height 0.5 to 1.0 meters,Herb Cover >= 40 and < 50%
184,20,Eastern Cool Temperate Pasture and Hayland,Agricultural-Pasture and Hayland,Herb Height 0.5 to 1.0 meters,Herb Cover >= 20 and < 30%
185,11,Laurentian-Acadian Pine-Hemlock Forest,Pine-Hemlock-Hardwood Forest,Forest Height 25 to 50 meters,Tree Cover >= 70 and < 80%
186,53,Laurentian-Acadian Pine-Hemlock-Hardwood Forest,Pine-Hemlock-Hardwood Forest,Forest Height 25 to 50 meters,Tree Cover >= 80 and < 90%
187,19,Laurentian-Acadian Hardwood Forest,Pine-Hemlock-Hardwood Forest,Forest Height 25 to 50 meters,Tree Cover >= 40 and < 50%
188,27,Laurentian-Acadian Herbaceous Wetlands,Inland Marshes and Prairies,Herb Height 0 to 0.5 meters,Herb Cover >= 10 and < 20%
189,45,Laurentian-Acadian Herbaceous Wetlands,Inland Marshes and Prairies,Herb Height 0 to 0.5 meters,Herb Cover >= 30 and < 40%
190,47,Boreal Acidic Peatland Herbaceous,Peatland Forests,Herb Height 0 to 0.5 meters,Herb Cover >= 40 and < 50%
191,105,Boreal Acidic Peatland Herbaceous,Peatland Forests,Herb Height 0.5 to 1.0 meters,Herb Cover >= 50 and < 60%
192,1560,Laurentian-Acadian Shrub Wetlands,Inland Marshes and Prairies,Shrub Height > 3.0 meters,Shrub Cover >= 10 and < 20%
193,2198,Boreal Acidic Peatland Herbaceous,Peatland Forests,Herb Height 0 to 0.5 meters,Herb Cover >= 60 and < 70%
194,887,Boreal Acidic Peatland Herbaceous,Peatland Forests,Herb Height 0 to 0.5 meters,Herb Cover >= 10 and < 20%
195,87,Boreal Acidic Peatland Herbaceous,Peatland Forests,Herb Height 0.5 to 1.0 meters,Herb Cover >= 40 and < 50%
196,20,Boreal Acidic Peatland Herbaceous,Peatland Forests,Herb Height 0 to 0.5 meters,Herb Cover >= 50 and < 60%
197,3162,Boreal Acidic Peatland Herbaceous,Peatland Forests,Herb Height 0.5 to 1.0 meters,Herb Cover >= 60 and < 70%
198,4,Eastern Boreal Floodplain Herbaceous,Jack Pine Forest,Herb Height 0 to 0.5 meters,Herb Cover >= 60 and < 70%
199,209,Laurentian-Acadian Northern Hardwoods Forest,Yellow Birch-Sugar Maple Forest,Forest Height 25 to 50 meters,Tree Cover >= 60 and < 70%
200,3,Eastern Boreal Floodplain Woodland,Jack Pine Forest,Forest Height 25 to 50 meters,Tree Cover >= 80 and < 90%
201,23,Eastern Cool Temperate Developed Ruderal Deciduous Forest,Developed-Upland Deciduous Forest,Forest Height 5 to 10 meters,Tree Cover >= 20 and < 30%
202,85,Laurentian-Acadian Northern Hardwoods Forest,Yellow Birch-Sugar Maple Forest,Forest Height 25 to 50 meters,Tree Cover >= 40 and < 50%
203,1,Laurentian-Acadian Pine-Hemlock-Hardwood Forest,Pine-Hemlock-Hardwood Forest,Forest Height 5 to 10 meters,Tree Cover >= 90 and <= 100%
204,8,Eastern Cool Temperate Developed Ruderal Mixed Forest,Developed-Upland Mixed Forest,Forest Height 10 to 25 meters,Tree Cover >= 60 and < 70%
205,43,Eastern Boreal Floodplain Woodland,Jack Pine Forest,Forest Height 10 to 25 meters,Tree Cover >= 40 and < 50%
206,6,Laurentian-Acadian Pine-Hemlock-Hardwood Forest,Pine-Hemlock-Hardwood Forest,Forest Height 5 to 10 meters,Tree Cover >= 60 and < 70%
207,21,Boreal Acidic Peatland Forest,Peatland Forests,Forest Height 5 to 10 meters,Tree Cover >= 70 and < 80%
208,4,Eastern Cool Temperate Developed Ruderal Evergreen Forest,Developed-Upland Evergreen Forest,Forest Height 10 to 25 meters,Tree Cover >= 70 and < 80%
209,265,Boreal Acidic Peatland Forest,Peatland Forests,Forest Height 10 to 25 meters,Tree Cover >= 90 and <= 100%
210,3,Laurentian-Acadian Pine-Hemlock-Hardwood Forest,Pine-Hemlock-Hardwood Forest,Forest Height 25 to 50 meters,Tree Cover >= 90 and <= 100%
211,3,Eastern Cool Temperate Developed Ruderal Mixed Forest,Developed-Upland Mixed Forest,Forest Height 5 to 10 meters,Tree Cover >= 30 and < 40%
212,19,Laurentian-Acadian Northern Hardwoods Forest,Yellow Birch-Sugar Maple Forest,Forest Height 5 to 10 meters,Tree Cover >= 90 and <= 100%
213,37,Laurentian-Acadian Hardwood Forest,Pine-Hemlock-Hardwood Forest,Forest Height 5 to 10 meters,Tree Cover >= 60 and < 70%
214,43,Laurentian-Acadian Northern Pine-Oak Forest,Red Pine-White Pine Forest and Woodland,Forest Height 10 to 25 meters,Tree Cover >= 30 and < 40%
215,78,Laurentian-Acadian Hardwood Forest,Pine-Hemlock-Hardwood Forest,Forest Height 5 to 10 meters,Tree Cover >= 40 and < 50%
216,18,Eastern Cool Temperate Developed Ruderal Grassland,Developed-Upland Herbaceous,Herb Height 0 to 0.5 meters,Herb Cover >= 60 and < 70%
217,76,Laurentian-Acadian Northern Hardwoods Forest,Yellow Birch-Sugar Maple Forest,Forest Height 0 to 5 meters,Tree Cover >= 50 and < 60%
218,634,Laurentian-Acadian Northern Hardwoods Forest,Yellow Birch-Sugar Maple Forest,Forest Height 5 to 10 meters,Tree Cover >= 40 and < 50%
219,685,Recently Logged-Herb and Grass Cover,Transitional Herbacous Vegetation,Herb Height 0.5 to 1.0 meters,Herb Cover >= 30 and < 40%
220,145,Laurentian-Acadian Northern Pine-Oak Forest,Red Pine-White Pine Forest and Woodland,Forest Height 10 to 25 meters,Tree Cover >= 80 and < 90%
221,174,Boreal Aspen-Birch Forest,Aspen-Birch Forest,Forest Height 10 to 25 meters,Tree Cover >= 20 and < 30%
222,4,Eastern Cool Temperate Developed Ruderal Deciduous Forest,Developed-Upland Deciduous Forest,Forest Height 5 to 10 meters,Tree Cover >= 80 and < 90%
223,16,Eastern Cool Temperate Developed Ruderal Mixed Forest,Developed-Upland Mixed Forest,Forest Height 5 to 10 meters,Tree Cover >= 10 and < 20%
224,19,Laurentian-Acadian Pine-Hemlock Forest,Pine-Hemlock-Hardwood Forest,Forest Height 5 to 10 meters,Tree Cover >= 40 and < 50%
225,1,Eastern Cool Temperate Developed Ruderal Mixed Forest,Developed-Upland Mixed Forest,Forest Height 5 to 10 meters,Tree Cover >= 70 and < 80%
226,91,Laurentian-Acadian Northern Pine-Oak Forest,Red Pine-White Pine Forest and Woodland,Forest Height 10 to 25 meters,Tree Cover >= 40 and < 50%
227,3,Eastern Cool Temperate Fallow/Idle Cropland,Agricultural-Fallow/Idle Cropland,Herb Height 0.5 to 1.0 meters,Herb Cover >= 50 and < 60%
228,1,Eastern Cool Temperate Developed Ruderal Shrubland,Developed-Upland Shrubland,Shrub Height 0 to 0.5 meters,Shrub Cover >= 10 and < 20%
229,11,Laurentian-Acadian Alkaline Conifer-Hardwood Swamp Forest,Atlantic Swamp Forests,Forest Height 25 to 50 meters,Tree Cover >= 60 and < 70%
230,186,Laurentian-Acadian Northern Pine Forest,Red Pine-White Pine Forest and Woodland,Forest Height 10 to 25 meters,Tree Cover >= 50 and < 60%
231,10,Laurentian Oak Barrens,Jack Pine Forest,Forest Height 10 to 25 meters,Tree Cover >= 90 and <= 100%
232,5211,Laurentian-Acadian Northern Hardwoods Forest,Yellow Birch-Sugar Maple Forest,Forest Height 5 to 10 meters,Tree Cover >= 30 and < 40%
233,617,Boreal Aspen-Birch Forest,Aspen-Birch Forest,Forest Height 5 to 10 meters,Tree Cover >= 30 and < 40%
234,567,Laurentian Pine Barrens,Jack Pine Forest,Forest Height 10 to 25 meters,Tree Cover >= 50 and < 60%
235,340,Laurentian Pine-Oak Barrens,Jack Pine Forest,Forest Height 10 to 25 meters,Tree Cover >= 40 and < 50%
236,37,Laurentian-Acadian Northern Oak Forest,Red Pine-White Pine Forest and Woodland,Forest Height 10 to 25 meters,Tree Cover >= 40 and < 50%
237,16,Boreal Acidic Peatland Shrubland,Peatland Forests,Shrub Height 0 to 0.5 meters,Shrub Cover >= 20 and < 30%
238,85,Laurentian-Acadian Herbaceous Wetlands,Inland Marshes and Prairies,Herb Height 0.5 to 1.0 meters,Herb Cover >= 30 and < 40%
239,45,Laurentian Oak Barrens,Jack Pine Forest,Forest Height 10 to 25 meters,Tree Cover >= 80 and < 90%
240,13,Eastern Cool Temperate Developed Ruderal Deciduous Forest,Developed-Upland Deciduous Forest,Forest Height 10 to 25 meters,Tree Cover >= 50 and < 60%
241,175,Laurentian Oak Barrens,Jack Pine Forest,Forest Height 5 to 10 meters,Tree Cover >= 20 and < 30%
242,3,Eastern Cool Temperate Developed Ruderal Deciduous Forest,Developed-Upland Deciduous Forest,Forest Height 5 to 10 meters,Tree Cover >= 60 and < 70%
243,71,Boreal Acidic Peatland Herbaceous,Peatland Forests,Herb Height 0 to 0.5 meters,Herb Cover >= 30 and < 40%
244,13,Laurentian-Acadian Alkaline Conifer-Hardwood Swamp Forest,Atlantic Swamp Forests,Forest Height 0 to 5 meters,Tree Cover >= 30 and < 40%
245,3,Laurentian-Acadian Alkaline Conifer-Hardwood Swamp Forest,Atlantic Swamp Forests,Forest Height 25 to 50 meters,Tree Cover >= 90 and <= 100%
246,597,Boreal White Spruce-Fir Forest,Spruce-Fir-Hardwood Forest,Forest Height 10 to 25 meters,Tree Cover >= 30 and < 40%
247,8,Laurentian-Acadian Shrub Wetlands,Inland Marshes and Prairies,Shrub Height > 3.0 meters,Shrub Cover >= 30 and < 40%
248,171,Boreal Acidic Peatland Herbaceous,Peatland Forests,Herb Height 0 to 0.5 meters,Herb Cover >= 20 and < 30%
249,294,Laurentian-Acadian Hardwood Forest,Pine-Hemlock-Hardwood Forest,Forest Height 5 to 10 meters,Tree Cover >= 20 and < 30%
250,3,Eastern Cool Temperate Developed Ruderal Shrubland,Developed-Upland Shrubland,Shrub Height 1.0 to 3.0 meters,Shrub Cover >= 10 and < 20%
251,353,Laurentian-Acadian Hardwood Forest,Pine-Hemlock-Hardwood Forest,Forest Height 5 to 10 meters,Tree Cover >= 10 and < 20%
252,31,Recently Logged-Herb and Grass Cover,Transitional Herbacous Vegetation,Herb Height 0.5 to 1.0 meters,Herb Cover >= 10 and < 20%
253,6,Laurentian-Acadian Shrub Wetlands,Inland Marshes and Prairies,Shrub Height > 3.0 meters,Shrub Cover >= 40 and < 50%
254,40,Laurentian-Acadian Alkaline Conifer-Hardwood Swamp Shrubland,Atlantic Swamp Forests,Shrub Height 1.0 to 3.0 meters,Shrub Cover >= 10 and < 20%
255,47,Eastern Cool Temperate Close Grown Crop,Agricultural-Close Grown Crop,NASS-Close Grown Crop,NASS-Close Grown Crop
256,3,Eastern Cool Temperate Fallow/Idle Cropland,Agricultural-Fallow/Idle Cropland,Herb Height 0.5 to 1.0 meters,Herb Cover >= 40 and < 50%
257,213,Laurentian-Acadian Alkaline Conifer-Hardwood Swamp Shrubland,Atlantic Swamp Forests,Shrub Height 0 to 0.5 meters,Shrub Cover >= 50 and < 60%
258,1,Eastern Cool Temperate Developed Ruderal Shrubland,Developed-Upland Shrubland,Shrub Height 1.0 to 3.0 meters,Shrub Cover >= 20 and < 30%
259,278,Laurentian Pine-Oak Barrens,Jack Pine Forest,Forest Height 10 to 25 meters,Tree Cover >= 30 and < 40%
260,206,Laurentian Oak Barrens,Jack Pine Forest,Forest Height 10 to 25 meters,Tree Cover >= 20 and < 30%
261,2871,Boreal White Spruce-Fir Forest,Spruce-Fir-Hardwood Forest,Forest Height 0 to 5 meters,Tree Cover >= 30 and < 40%
262,738,Boreal Jack Pine-Black Spruce Forest,Jack Pine Forest,Forest Height 10 to 25 meters,Tree Cover >= 40 and < 50%
263,6997,Developed-Low Intensity,Developed-Low Intensity,Developed - Low Intensity,Developed - Low Intensity
264,294,Laurentian Oak Barrens,Jack Pine Forest,Forest Height 10 to 25 meters,Tree Cover >= 30 and < 40%
265,5,Central Interior and Appalachian Floodplain Forest,Eastern Floodplain Forests,Forest Height 10 to 25 meters,Tree Cover >= 70 and < 80%
266,166,Laurentian Oak Barrens,Jack Pine Forest,Forest Height 10 to 25 meters,Tree Cover >= 50 and < 60%
267,5,Central Interior and Appalachian Floodplain Forest,Eastern Floodplain Forests,Forest Height 10 to 25 meters,Tree Cover >= 80 and < 90%
268,22,Boreal Aspen-Birch Forest,Aspen-Birch Forest,Forest Height 0 to 5 meters,Tree Cover >= 30 and < 40%
269,52,Laurentian Pine-Oak Barrens,Jack Pine Forest,Forest Height 10 to 25 meters,Tree Cover >= 60 and < 70%
270,145,Laurentian Pine Barrens,Jack Pine Forest,Forest Height 10 to 25 meters,Tree Cover >= 30 and < 40%
271,13,Laurentian-Acadian Shrub Wetlands,Inland Marshes and Prairies,Shrub Height 0 to 0.5 meters,Shrub Cover >= 10 and < 20%
272,44,Laurentian-Acadian Alkaline Conifer-Hardwood Swamp Forest,Atlantic Swamp Forests,Forest Height 5 to 10 meters,Tree Cover >= 40 and < 50%
273,351,Laurentian Oak Barrens,Jack Pine Forest,Forest Height 10 to 25 meters,Tree Cover >= 40 and < 50%
274,188,Boreal White Spruce-Fir Forest,Spruce-Fir-Hardwood Forest,Forest Height 10 to 25 meters,Tree Cover >= 20 and < 30%
275,483,Boreal White Spruce-Fir-Hardwood Forest,Spruce-Fir-Hardwood Forest,Forest Height 10 to 25 meters,Tree Cover >= 30 and < 40%
276,5,Laurentian-Acadian Hardwood Forest,Pine-Hemlock-Hardwood Forest,Forest Height 0 to 5 meters,Tree Cover >= 50 and < 60%
277,57,Laurentian Oak Barrens,Jack Pine Forest,Forest Height 10 to 25 meters,Tree Cover >= 60 and < 70%
278,14,Eastern Boreal Floodplain Woodland,Jack Pine Forest,Forest Height 5 to 10 meters,Tree Cover >= 20 and < 30%
279,5,Eastern Cool Temperate Developed Ruderal Deciduous Forest,Developed-Upland Deciduous Forest,Forest Height 0 to 5 meters,Tree Cover >= 20 and < 30%
280,541,Laurentian-Acadian Sparsely Vegetated Systems,Sparse Vegetation,Sparse Vegetation Height,Sparse Vegetation Canopy
281,228,Laurentian-Acadian Forested Wetlands,Inland Marshes and Prairies,Forest Height 10 to 25 meters,Tree Cover >= 50 and < 60%
282,143,Boreal Hardwood Forest,Spruce-Fir-Hardwood Forest,Forest Height 10 to 25 meters,Tree Cover >= 30 and < 40%
283,60,Laurentian-Acadian Forested Wetlands,Inland Marshes and Prairies,Forest Height 10 to 25 meters,Tree Cover >= 70 and < 80%
284,22,Eastern Cool Temperate Developed Ruderal Grassland,Developed-Upland Herbaceous,Herb Height 0 to 0.5 meters,Herb Cover >= 20 and < 30%
285,8,Eastern Cool Temperate Developed Ruderal Deciduous Forest,Developed-Upland Deciduous Forest,Forest Height 5 to 10 meters,Tree Cover >= 40 and < 50%
286,175,Laurentian-Acadian Forested Wetlands,Inland Marshes and Prairies,Forest Height 10 to 25 meters,Tree Cover >= 60 and < 70%
287,125,Laurentian Pine Barrens,Jack Pine Forest,Forest Height 10 to 25 meters,Tree Cover >= 60 and < 70%
288,9,Laurentian-Acadian Forested Wetlands,Inland Marshes and Prairies,Forest Height 10 to 25 meters,Tree Cover >= 80 and < 90%
289,18,Eastern Boreal Floodplain Shrubland,Jack Pine Forest,Shrub Height > 3.0 meters,Shrub Cover >= 30 and < 40%
290,478,Boreal Acidic Peatland Shrubland,Peatland Forests,Shrub Height 0 to 0.5 meters,Shrub Cover >= 50 and < 60%
291,10,Laurentian-Acadian Floodplain Forest,Eastern Floodplain Forests,Forest Height 10 to 25 meters,Tree Cover >= 40 and < 50%
292,5,Eastern Cool Temperate Developed Ruderal Mixed Forest,Developed-Upland Mixed Forest,Forest Height 5 to 10 meters,Tree Cover >= 20 and < 30%
293,185,Laurentian Pine-Oak Barrens,Jack Pine Forest,Forest Height 5 to 10 meters,Tree Cover >= 20 and < 30%
294,4,Eastern Boreal Floodplain Woodland,Jack Pine Forest,Forest Height 5 to 10 meters,Tree Cover >= 70 and < 80%
295,111,Laurentian-Acadian Floodplain Forest,Eastern Floodplain Forests,Forest Height 10 to 25 meters,Tree Cover >= 70 and < 80%
296,373,Laurentian-Acadian Floodplain Forest,Eastern Floodplain Forests,Forest Height 10 to 25 meters,Tree Cover >= 60 and < 70%
297,7,Eastern Cool Temperate Developed Ruderal Deciduous Forest,Developed-Upland Deciduous Forest,Forest Height 10 to 25 meters,Tree Cover >= 90 and <= 100%
298,1094,Boreal White Spruce-Fir-Hardwood Forest,Spruce-Fir-Hardwood Forest,Forest Height 10 to 25 meters,Tree Cover >= 40 and < 50%
299,16,Eastern Boreal Floodplain Herbaceous,Jack Pine Forest,Herb Height 0.5 to 1.0 meters,Herb Cover >= 40 and < 50%
300,451,Boreal Hardwood Forest,Spruce-Fir-Hardwood Forest,Forest Height 10 to 25 meters,Tree Cover >= 40 and < 50%
301,2,Eastern Cool Temperate Developed Ruderal Deciduous Forest,Developed-Upland Deciduous Forest,Forest Height 5 to 10 meters,Tree Cover >= 50 and < 60%
302,5,Eastern Cool Temperate Developed Ruderal Shrubland,Developed-Upland Shrubland,Shrub Height > 3.0 meters,Shrub Cover >= 40 and < 50%
303,17,Laurentian-Acadian Alkaline Conifer-Hardwood Swamp Shrubland,Atlantic Swamp Forests,Shrub Height 0 to 0.5 meters,Shrub Cover >= 20 and < 30%
304,3,Eastern Cool Temperate Developed Ruderal Deciduous Forest,Developed-Upland Deciduous Forest,Forest Height 5 to 10 meters,Tree Cover >= 70 and < 80%
305,388,Boreal Jack Pine-Black Spruce Forest,Jack Pine Forest,Forest Height 10 to 25 meters,Tree Cover >= 30 and < 40%
306,4,Laurentian Shrubland Barrens,Jack Pine Forest,Shrub Height > 3.0 meters,Shrub Cover >= 40 and < 50%
307,1,Laurentian-Acadian Pine-Hemlock Forest,Pine-Hemlock-Hardwood Forest,Forest Height 25 to 50 meters,Tree Cover >= 80 and < 90%
308,11,Eastern Boreal Floodplain Woodland,Jack Pine Forest,Forest Height 5 to 10 meters,Tree Cover >= 30 and < 40%
309,11,Eastern Cool Temperate Pasture and Hayland,Agricultural-Pasture and Hayland,Herb Height 0 to 0.5 meters,Herb Cover >= 10 and < 20%
310,19,Eastern Cool Temperate Developed Ruderal Deciduous Forest,Developed-Upland Deciduous Forest,Forest Height 5 to 10 meters,Tree Cover >= 30 and < 40%
311,10,Eastern Boreal Floodplain Shrubland,Jack Pine Forest,Shrub Height > 3.0 meters,Shrub Cover >= 40 and < 50%
312,50,Laurentian Pine-Oak Barrens,Jack Pine Forest,Forest Height 10 to 25 meters,Tree Cover >= 70 and < 80%
313,13,Laurentian Pine-Oak Barrens,Jack Pine Forest,Forest Height 10 to 25 meters,Tree Cover >= 80 and < 90%
314,128,Laurentian Pine-Oak Barrens,Jack Pine Forest,Forest Height 10 to 25 meters,Tree Cover >= 20 and < 30%
315,79,Laurentian Pine Barrens,Jack Pine Forest,Forest Height 10 to 25 meters,Tree Cover >= 70 and < 80%
316,189,Boreal White Spruce-Fir-Hardwood Forest,Spruce-Fir-Hardwood Forest,Forest Height 5 to 10 meters,Tree Cover >= 20 and < 30%
317,254,Laurentian Pine-Oak Barrens,Jack Pine Forest,Forest Height 10 to 25 meters,Tree Cover >= 50 and < 60%
318,875,Boreal Hardwood Forest,Spruce-Fir-Hardwood Forest,Forest Height 10 to 25 meters,Tree Cover >= 50 and < 60%
319,7,Laurentian Pine Barrens,Jack Pine Forest,Forest Height 10 to 25 meters,Tree Cover >= 80 and < 90%
320,14,Boreal Jack Pine-Black Spruce Forest,Jack Pine Forest,Forest Height 10 to 25 meters,Tree Cover >= 90 and <= 100%
321,6,Boreal Acidic Peatland Shrubland,Peatland Forests,Shrub Height 0.5 to 1.0 meter,Shrub Cover >= 30 and < 40%
322,34,Eastern Cool Temperate Developed Ruderal Grassland,Developed-Upland Herbaceous,Herb Height 0 to 0.5 meters,Herb Cover >= 30 and < 40%
323,238,Laurentian Pine Barrens,Jack Pine Forest,Forest Height 10 to 25 meters,Tree Cover >= 40 and < 50%
324,70,Boreal Hardwood Forest,Spruce-Fir-Hardwood Forest,Forest Height 5 to 10 meters,Tree Cover >= 30 and < 40%
325,464,Boreal Aspen-Birch Forest,Aspen-Birch Forest,Forest Height 5 to 10 meters,Tree Cover >= 20 and < 30%
326,2208,Boreal White Spruce-Fir-Hardwood Forest,Spruce-Fir-Hardwood Forest,Forest Height 10 to 25 meters,Tree Cover >= 50 and < 60%
327,505,Boreal White Spruce-Fir Forest,Spruce-Fir-Hardwood Forest,Forest Height 5 to 10 meters,Tree Cover >= 30 and < 40%
328,5,Laurentian-Acadian Pine-Hemlock Forest,Pine-Hemlock-Hardwood Forest,Forest Height 0 to 5 meters,Tree Cover >= 50 and < 60%
329,19,Recently Logged-Herb and Grass Cover,Transitional Herbacous Vegetation,Herb Height 0 to 0.5 meters,Herb Cover >= 30 and < 40%
330,106,Boreal Acidic Peatland Forest,Peatland Forests,Forest Height 5 to 10 meters,Tree Cover >= 50 and < 60%
331,18,Laurentian-Acadian Northern Oak Forest,Red Pine-White Pine Forest and Woodland,Forest Height 10 to 25 meters,Tree Cover >= 30 and < 40%
332,107,Laurentian Shrubland Barrens,Jack Pine Forest,Shrub Height > 3.0 meters,Shrub Cover >= 10 and < 20%
333,3476,Boreal Acidic Peatland Forest,Peatland Forests,Forest Height 10 to 25 meters,Tree Cover >= 20 and < 30%
334,5,Boreal Jack Pine-Black Spruce Forest,Jack Pine Forest,Forest Height 5 to 10 meters,Tree Cover >= 50 and < 60%
335,469,Boreal Jack Pine-Black Spruce Forest,Jack Pine Forest,Forest Height 10 to 25 meters,Tree Cover >= 20 and < 30%
336,7,Eastern Cool Temperate Developed Ruderal Mixed Forest,Developed-Upland Mixed Forest,Forest Height 0 to 5 meters,Tree Cover >= 10 and < 20%
337,2474,Laurentian-Acadian Northern Hardwoods Forest,Yellow Birch-Sugar Maple Forest,Forest Height 5 to 10 meters,Tree Cover >= 10 and < 20%
338,7,Eastern Cool Temperate Developed Ruderal Mixed Forest,Developed-Upland Mixed Forest,Forest Height 10 to 25 meters,Tree Cover >= 10 and < 20%
339,1,Boreal Aspen-Birch Forest,Aspen-Birch Forest,Forest Height 5 to 10 meters,Tree Cover >= 90 and <= 100%
340,3169,Developed-High Intensity,Developed-High Intensity,Developed - High Intensity,Developed - High Intensity
341,1,Laurentian-Acadian Forested Wetlands,Inland Marshes and Prairies,Forest Height 0 to 5 meters,Tree Cover >= 60 and < 70%
342,32,Laurentian-Acadian Forested Wetlands,Inland Marshes and Prairies,Forest Height 10 to 25 meters,Tree Cover >= 20 and < 30%
343,8,Laurentian-Acadian Forested Wetlands,Inland Marshes and Prairies,Forest Height 0 to 5 meters,Tree Cover >= 20 and < 30%
344,25,Boreal Hardwood Forest,Spruce-Fir-Hardwood Forest,Forest Height 10 to 25 meters,Tree Cover >= 90 and <= 100%
345,1515,Boreal White Spruce-Fir Forest,Spruce-Fir-Hardwood Forest,Forest Height 10 to 25 meters,Tree Cover >= 40 and < 50%
346,396,Boreal Acidic Peatland Forest,Peatland Forests,Forest Height 5 to 10 meters,Tree Cover >= 10 and < 20%
347,162,Laurentian-Acadian Forested Wetlands,Inland Marshes and Prairies,Forest Height 10 to 25 meters,Tree Cover >= 40 and < 50%
348,18,Laurentian-Acadian Forested Wetlands,Inland Marshes and Prairies,Forest Height 5 to 10 meters,Tree Cover >= 40 and < 50%
349,1,Laurentian-Acadian Forested Wetlands,Inland Marshes and Prairies,Forest Height 5 to 10 meters,Tree Cover >= 50 and < 60%
350,418,Laurentian-Acadian Hardwood Forest,Pine-Hemlock-Hardwood Forest,Forest Height 5 to 10 meters,Tree Cover >= 30 and < 40%
351,1,Laurentian-Acadian Forested Wetlands,Inland Marshes and Prairies,Forest Height 10 to 25 meters,Tree Cover >= 90 and <= 100%
352,287,Laurentian-Acadian Pine-Hemlock-Hardwood Forest,Pine-Hemlock-Hardwood Forest,Forest Height 5 to 10 meters,Tree Cover >= 30 and < 40%
353,5,Boreal Acidic Peatland Shrubland,Peatland Forests,Shrub Height 1.0 to 3.0 meters,Shrub Cover >= 10 and < 20%
354,13,Recently Logged-Herb and Grass Cover,Transitional Herbacous Vegetation,Herb Height 0 to 0.5 meters,Herb Cover >= 10 and < 20%
355,16,Recently Logged-Herb and Grass Cover,Transitional Herbacous Vegetation,Herb Height 0.5 to 1.0 meters,Herb Cover >= 20 and < 30%
356,423,Boreal White Spruce-Fir Forest,Spruce-Fir-Hardwood Forest,Forest Height 5 to 10 meters,Tree Cover >= 20 and < 30%
357,2,Eastern Cool Temperate Developed Ruderal Shrubland,Developed-Upland Shrubland,Shrub Height > 3.0 meters,Shrub Cover >= 20 and < 30%
358,1,Laurentian-Acadian Northern Oak Forest,Red Pine-White Pine Forest and Woodland,Forest Height 10 to 25 meters,Tree Cover >= 90 and <= 100%
359,115,Laurentian-Acadian Pine-Hemlock-Hardwood Forest,Pine-Hemlock-Hardwood Forest,Forest Height 25 to 50 meters,Tree Cover >= 70 and < 80%
360,4,Laurentian-Acadian Forested Wetlands,Inland Marshes and Prairies,Forest Height 5 to 10 meters,Tree Cover >= 70 and < 80%
361,2,Laurentian-Acadian Forested Wetlands,Inland Marshes and Prairies,Forest Height 5 to 10 meters,Tree Cover >= 60 and < 70%
362,268,Laurentian-Acadian Northern Pine-Oak Forest,Red Pine-White Pine Forest and Woodland,Forest Height 10 to 25 meters,Tree Cover >= 50 and < 60%
363,198,Laurentian-Acadian Pine-Hemlock-Hardwood Forest,Pine-Hemlock-Hardwood Forest,Forest Height 5 to 10 meters,Tree Cover >= 20 and < 30%
364,7,Laurentian Oak Barrens,Jack Pine Forest,Forest Height 5 to 10 meters,Tree Cover >= 30 and < 40%
365,60,Laurentian-Acadian Northern Pine Forest,Red Pine-White Pine Forest and Woodland,Forest Height 10 to 25 meters,Tree Cover >= 40 and < 50%
366,2,Laurentian Pine-Oak Barrens,Jack Pine Forest,Forest Height 10 to 25 meters,Tree Cover >= 90 and <= 100%
367,63,Laurentian-Acadian Northern Oak Forest,Red Pine-White Pine Forest and Woodland,Forest Height 10 to 25 meters,Tree Cover >= 50 and < 60%
368,1,Laurentian-Acadian Northern Oak Forest,Red Pine-White Pine Forest and Woodland,Forest Height 5 to 10 meters,Tree Cover >= 20 and < 30%
369,56,Boreal Hardwood Forest,Spruce-Fir-Hardwood Forest,Forest Height 5 to 10 meters,Tree Cover >= 20 and < 30%
370,2108,Managed Tree Plantation-Northern and Central Hardwood and Conifer Plantation Group,Managed Tree Plantation,Forest Height 10 to 25 meters,Tree Cover >= 50 and < 60%
371,22757,Managed Tree Plantation-Northern and Central Hardwood and Conifer Plantation Group,Managed Tree Plantation,Forest Height 10 to 25 meters,Tree Cover >= 60 and < 70%
372,2,Eastern Cool Temperate Pasture and Hayland,Agricultural-Pasture and Hayland,Herb Height 0 to 0.5 meters,Herb Cover >= 20 and < 30%
373,37,Laurentian-Acadian Alkaline Conifer-Hardwood Swamp Forest,Atlantic Swamp Forests,Forest Height 25 to 50 meters,Tree Cover >= 80 and < 90%
374,120,Laurentian-Acadian Pine-Hemlock Forest,Pine-Hemlock-Hardwood Forest,Forest Height 0 to 5 meters,Tree Cover >= 30 and < 40%
375,77,Boreal Acidic Peatland Forest,Peatland Forests,Forest Height 5 to 10 meters,Tree Cover >= 20 and < 30%
376,2567,Recently Logged-Herb and Grass Cover,Transitional Herbacous Vegetation,Herb Height 0 to 0.5 meters,Herb Cover >= 50 and < 60%
377,25,Laurentian-Acadian Northern Hardwoods Forest,Yellow Birch-Sugar Maple Forest,Forest Height 10 to 25 meters,Tree Cover >= 10 and < 20%
378,1765,Managed Tree Plantation-Northern and Central Hardwood and Conifer Plantation Group,Managed Tree Plantation,Forest Height 10 to 25 meters,Tree Cover >= 40 and < 50%
379,141,Boreal White Spruce-Fir-Hardwood Forest,Spruce-Fir-Hardwood Forest,Forest Height 10 to 25 meters,Tree Cover >= 20 and < 30%
380,19,Boreal Acidic Peatland Shrubland,Peatland Forests,Shrub Height > 3.0 meters,Shrub Cover >= 20 and < 30%
381,48,Boreal Hardwood Forest,Spruce-Fir-Hardwood Forest,Forest Height 10 to 25 meters,Tree Cover >= 20 and < 30%
382,208,Managed Tree Plantation-Northern and Central Hardwood and Conifer Plantation Group,Managed Tree Plantation,Forest Height 10 to 25 meters,Tree Cover >= 80 and < 90%
383,1,Laurentian-Acadian Alkaline Conifer-Hardwood Swamp Forest,Atlantic Swamp Forests,Forest Height 5 to 10 meters,Tree Cover >= 90 and <= 100%
384,2,Eastern Cool Temperate Developed Ruderal Deciduous Forest,Developed-Upland Deciduous Forest,Forest Height 0 to 5 meters,Tree Cover >= 40 and < 50%
385,6,Boreal Aspen-Birch Forest,Aspen-Birch Forest,Forest Height 0 to 5 meters,Tree Cover >= 50 and < 60%
386,110,Laurentian-Acadian Pine-Hemlock Forest,Pine-Hemlock-Hardwood Forest,Forest Height 5 to 10 meters,Tree Cover >= 30 and < 40%
387,154,Boreal Acidic Peatland Forest,Peatland Forests,Forest Height 5 to 10 meters,Tree Cover >= 30 and < 40%
388,157,Laurentian-Acadian Alkaline Conifer-Hardwood Swamp Forest,Atlantic Swamp Forests,Forest Height 10 to 25 meters,Tree Cover >= 30 and < 40%
389,10882,Boreal Jack Pine-Black Spruce Forest,Jack Pine Forest,Forest Height 0 to 5 meters,Tree Cover >= 30 and < 40%
390,165,Boreal Acidic Peatland Forest,Peatland Forests,Forest Height 0 to 5 meters,Tree Cover >= 20 and < 30%
391,3,Laurentian-Acadian Alkaline Conifer-Hardwood Swamp Forest,Atlantic Swamp Forests,Forest Height 0 to 5 meters,Tree Cover >= 40 and < 50%
392,161,Boreal White Spruce-Fir Forest,Spruce-Fir-Hardwood Forest,Forest Height 10 to 25 meters,Tree Cover >= 90 and <= 100%
393,22,Eastern Boreal Floodplain Woodland,Jack Pine Forest,Forest Height 0 to 5 meters,Tree Cover >= 10 and < 20%
394,1655,Managed Tree Plantation-Northern and Central Hardwood and Conifer Plantation Group,Managed Tree Plantation,Forest Height 10 to 25 meters,Tree Cover >= 30 and < 40%
395,1172,Managed Tree Plantation-Northern and Central Hardwood and Conifer Plantation Group,Managed Tree Plantation,Forest Height 10 to 25 meters,Tree Cover >= 70 and < 80%
396,1,Eastern Boreal Floodplain Woodland,Jack Pine Forest,Forest Height 0 to 5 meters,Tree Cover >= 40 and < 50%
397,370,Managed Tree Plantation-Northern and Central Hardwood and Conifer Plantation Group,Managed Tree Plantation,Forest Height 10 to 25 meters,Tree Cover >= 20 and < 30%
398,451,Managed Tree Plantation-Northern and Central Hardwood and Conifer Plantation Group,Managed Tree Plantation,Forest Height 5 to 10 meters,Tree Cover >= 40 and < 50%
399,97,Managed Tree Plantation-Northern and Central Hardwood and Conifer Plantation Group,Managed Tree Plantation,Forest Height 5 to 10 meters,Tree Cover >= 30 and < 40%
400,1181,Laurentian-Acadian Northern Hardwoods Forest,Yellow Birch-Sugar Maple Forest,Forest Height 0 to 5 meters,Tree Cover >= 30 and < 40%
401,45,Boreal Acidic Peatland Forest,Peatland Forests,Forest Height 10 to 25 meters,Tree Cover >= 10 and < 20%
402,58,Laurentian-Acadian Floodplain Forest,Eastern Floodplain Forests,Forest Height 10 to 25 meters,Tree Cover >= 50 and < 60%
403,13,Laurentian-Acadian Pine-Hemlock-Hardwood Forest,Pine-Hemlock-Hardwood Forest,Forest Height 25 to 50 meters,Tree Cover >= 60 and < 70%
404,13,Boreal Hardwood Forest,Spruce-Fir-Hardwood Forest,Forest Height 25 to 50 meters,Tree Cover >= 70 and < 80%
405,50,Laurentian-Acadian Floodplain Shrubland,Eastern Floodplain Forests,Shrub Height > 3.0 meters,Shrub Cover >= 10 and < 20%
406,24,Eastern Boreal Floodplain Woodland,Jack Pine Forest,Forest Height 10 to 25 meters,Tree Cover >= 30 and < 40%
407,1378,Managed Tree Plantation-Northern and Central Hardwood and Conifer Plantation Group,Managed Tree Plantation,Forest Height 5 to 10 meters,Tree Cover >= 20 and < 30%
408,3,Laurentian-Acadian Hardwood Forest,Pine-Hemlock-Hardwood Forest,Forest Height 0 to 5 meters,Tree Cover >= 60 and < 70%
409,83,Boreal Aspen-Birch Forest,Aspen-Birch Forest,Forest Height 25 to 50 meters,Tree Cover >= 60 and < 70%
410,2,Laurentian Pine-Oak Barrens,Jack Pine Forest,Forest Height 10 to 25 meters,Tree Cover >= 10 and < 20%
411,10,Laurentian-Acadian Northern Pine-Oak Forest,Red Pine-White Pine Forest and Woodland,Forest Height 10 to 25 meters,Tree Cover >= 20 and < 30%
412,2,Boreal Aspen-Birch Forest,Aspen-Birch Forest,Forest Height 25 to 50 meters,Tree Cover >= 10 and < 20%
413,98,Laurentian-Acadian Forested Wetlands,Inland Marshes and Prairies,Forest Height 10 to 25 meters,Tree Cover >= 30 and < 40%
414,7,Boreal Aspen-Birch Forest,Aspen-Birch Forest,Forest Height 5 to 10 meters,Tree Cover >= 40 and < 50%
415,17,Managed Tree Plantation-Northern and Central Hardwood and Conifer Plantation Group,Managed Tree Plantation,Forest Height 0 to 5 meters,Tree Cover >= 20 and < 30%
416,70,Laurentian Pine Barrens,Jack Pine Forest,Forest Height 5 to 10 meters,Tree Cover >= 20 and < 30%
417,87,Boreal Acidic Peatland Forest,Peatland Forests,Forest Height 0 to 5 meters,Tree Cover >= 30 and < 40%
418,3,Laurentian Oak Barrens,Jack Pine Forest,Forest Height 10 to 25 meters,Tree Cover >= 10 and < 20%
419,14,Laurentian-Acadian Alkaline Conifer-Hardwood Swamp Shrubland,Atlantic Swamp Forests,Shrub Height 0 to 0.5 meters,Shrub Cover >= 30 and < 40%
420,152,Boreal Acidic Peatland Forest,Peatland Forests,Forest Height 5 to 10 meters,Tree Cover >= 40 and < 50%
421,26,Eastern Cool Temperate Developed Ruderal Grassland,Developed-Upland Herbaceous,Herb Height 0.5 to 1.0 meters,Herb Cover >= 60 and < 70%
422,4,Boreal White Spruce-Fir-Hardwood Forest,Spruce-Fir-Hardwood Forest,Forest Height 25 to 50 meters,Tree Cover >= 70 and < 80%
423,70,Recently Logged-Herb and Grass Cover,Transitional Herbacous Vegetation,Herb Height 0 to 0.5 meters,Herb Cover >= 60 and < 70%
424,15,Laurentian-Acadian Floodplain Forest,Eastern Floodplain Forests,Forest Height 10 to 25 meters,Tree Cover >= 80 and < 90%
425,7,Eastern Cool Temperate Developed Ruderal Deciduous Forest,Developed-Upland Deciduous Forest,Forest Height 0 to 5 meters,Tree Cover >= 10 and < 20%
426,236,Boreal White Spruce-Fir-Hardwood Forest,Spruce-Fir-Hardwood Forest,Forest Height 5 to 10 meters,Tree Cover >= 30 and < 40%
427,1,Boreal Jack Pine-Black Spruce Forest,Jack Pine Forest,Forest Height 0 to 5 meters,Tree Cover >= 40 and < 50%
428,3,Eastern Cool Temperate Developed Ruderal Mixed Forest,Developed-Upland Mixed Forest,Forest Height 10 to 25 meters,Tree Cover >= 50 and < 60%
429,2,Eastern Cool Temperate Fallow/Idle Cropland,Agricultural-Fallow/Idle Cropland,Herb Height 0.5 to 1.0 meters,Herb Cover >= 60 and < 70%
430,3,Laurentian-Acadian Floodplain Herbaceous,Eastern Floodplain Forests,Herb Height 0 to 0.5 meters,Herb Cover >= 60 and < 70%
431,4,Laurentian-Acadian Floodplain Herbaceous,Eastern Floodplain Forests,Herb Height 0.5 to 1.0 meters,Herb Cover >= 60 and < 70%
432,5,Eastern Boreal Floodplain Woodland,Jack Pine Forest,Forest Height 10 to 25 meters,Tree Cover >= 10 and < 20%
433,28,Laurentian-Acadian Forested Wetlands,Inland Marshes and Prairies,Forest Height 5 to 10 meters,Tree Cover >= 30 and < 40%
434,1,Eastern Cool Temperate Developed Ruderal Deciduous Forest,Developed-Upland Deciduous Forest,Forest Height 25 to 50 meters,Tree Cover >= 80 and < 90%
435,8,Boreal Jack Pine-Black Spruce Forest,Jack Pine Forest,Forest Height 0 to 5 meters,Tree Cover >= 10 and < 20%
436,4,Boreal Aspen-Birch Forest,Aspen-Birch Forest,Forest Height 0 to 5 meters,Tree Cover >= 40 and < 50%
437,28,Laurentian-Acadian Northern Pine Forest,Red Pine-White Pine Forest and Woodland,Forest Height 10 to 25 meters,Tree Cover >= 30 and < 40%
438,140,Boreal White Spruce-Fir-Hardwood Forest,Spruce-Fir-Hardwood Forest,Forest Height 10 to 25 meters,Tree Cover >= 90 and <= 100%
439,3,Eastern Cool Temperate Developed Ruderal Evergreen Forest,Developed-Upland Evergreen Forest,Forest Height 0 to 5 meters,Tree Cover >= 10 and < 20%
440,20,Laurentian-Acadian Northern Pine Forest,Red Pine-White Pine Forest and Woodland,Forest Height 5 to 10 meters,Tree Cover >= 30 and < 40%
441,1,Laurentian-Acadian Pine-Hemlock Forest,Pine-Hemlock-Hardwood Forest,Forest Height 25 to 50 meters,Tree Cover >= 90 and <= 100%
442,65,Recently Logged-Herb and Grass Cover,Transitional Herbacous Vegetation,Herb Height 0.5 to 1.0 meters,Herb Cover >= 60 and < 70%
443,67,Laurentian Pine Barrens,Jack Pine Forest,Forest Height 10 to 25 meters,Tree Cover >= 20 and < 30%
444,52,Boreal White Spruce-Fir-Hardwood Forest,Spruce-Fir-Hardwood Forest,Forest Height 5 to 10 meters,Tree Cover >= 40 and < 50%
445,1,Recently Logged-Herb and Grass Cover,Transitional Herbacous Vegetation,Herb Height 0 to 0.5 meters,Herb Cover >= 40 and < 50%
446,3,Laurentian-Acadian Floodplain Forest,Eastern Floodplain Forests,Forest Height 10 to 25 meters,Tree Cover >= 20 and < 30%
447,1,Laurentian-Acadian Floodplain Forest,Eastern Floodplain Forests,Forest Height 5 to 10 meters,Tree Cover >= 50 and < 60%
448,5,Laurentian-Acadian Floodplain Forest,Eastern Floodplain Forests,Forest Height 10 to 25 meters,Tree Cover >= 30 and < 40%
449,4,Laurentian-Acadian Northern Hardwoods Forest,Yellow Birch-Sugar Maple Forest,Forest Height 25 to 50 meters,Tree Cover >= 10 and < 20%
450,2,Laurentian Oak Barrens,Jack Pine Forest,Forest Height 5 to 10 meters,Tree Cover >= 10 and < 20%
451,14,Great Lakes Coastal Marsh Herbaceous,Inland Marshes and Prairies,Herb Height 0 to 0.5 meters,Herb Cover >= 30 and < 40%
452,31,Managed Tree Plantation-Northern and Central Hardwood and Conifer Plantation Group,Managed Tree Plantation,Forest Height 10 to 25 meters,Tree Cover >= 90 and <= 100%
453,1,Boreal Jack Pine-Black Spruce Forest,Jack Pine Forest,Forest Height 10 to 25 meters,Tree Cover >= 10 and < 20%
454,6,Eastern Cool Temperate Developed Ruderal Evergreen Forest,Developed-Upland Evergreen Forest,Forest Height 5 to 10 meters,Tree Cover >= 10 and < 20%
455,3,Laurentian-Acadian Northern Pine-Oak Forest,Red Pine-White Pine Forest and Woodland,Forest Height 10 to 25 meters,Tree Cover >= 90 and <= 100%
456,7,Great Lakes Coastal Marsh Herbaceous,Inland Marshes and Prairies,Herb Height 0.5 to 1.0 meters,Herb Cover >= 30 and < 40%
457,4,Managed Tree Plantation-Northern and Central Hardwood and Conifer Plantation Group,Managed Tree Plantation,Forest Height 0 to 5 meters,Tree Cover >= 30 and < 40%
458,1,Managed Tree Plantation-Northern and Central Hardwood and Conifer Plantation Group,Managed Tree Plantation,Forest Height 0 to 5 meters,Tree Cover >= 40 and < 50%
459,7,Laurentian Pine Barrens,Jack Pine Forest,Forest Height 0 to 5 meters,Tree Cover >= 30 and < 40%
460,1,Laurentian-Acadian Alkaline Conifer-Hardwood Swamp Forest,Atlantic Swamp Forests,Forest Height 25 to 50 meters,Tree Cover >= 50 and < 60%
461,2,Boreal Acidic Peatland Forest,Peatland Forests,Forest Height 25 to 50 meters,Tree Cover >= 50 and < 60%
462,39,Boreal Acidic Peatland Forest,Peatland Forests,Forest Height 25 to 50 meters,Tree Cover >= 80 and < 90%
463,7,Eastern Cool Temperate Row Crop,Agricultural-Row Crop,NASS-Row Crop,NASS-Row Crop
464,1,Boreal White Spruce-Fir Forest,Spruce-Fir-Hardwood Forest,Forest Height 25 to 50 meters,Tree Cover >= 60 and < 70%
465,51,Boreal Acidic Peatland Forest,Peatland Forests,Forest Height 25 to 50 meters,Tree Cover >= 70 and < 80%
466,34,Eastern Cool Temperate Wheat,Agricultural-Wheat,NASS-Wheat,NASS-Wheat
467,2,Laurentian Pine-Oak Barrens,Jack Pine Forest,Forest Height 5 to 10 meters,Tree Cover >= 10 and < 20%
468,4,Boreal Hardwood Forest,Spruce-Fir-Hardwood Forest,Forest Height 25 to 50 meters,Tree Cover >= 80 and < 90%
469,2,Eastern Boreal Floodplain Woodland,Jack Pine Forest,Forest Height 0 to 5 meters,Tree Cover >= 20 and < 30%
470,3,Eastern Boreal Floodplain Woodland,Jack Pine Forest,Forest Height 0 to 5 meters,Tree Cover >= 30 and < 40%
471,13,Boreal Acidic Peatland Herbaceous,Peatland Forests,Herb Height 0.5 to 1.0 meters,Herb Cover >= 70 and < 80%
472,3,Eastern Boreal Floodplain Herbaceous,Jack Pine Forest,Herb Height 0.5 to 1.0 meters,Herb Cover >= 60 and < 70%
473,14,Boreal Acidic Peatland Forest,Peatland Forests,Forest Height 0 to 5 meters,Tree Cover >= 40 and < 50%
474,11,Laurentian-Acadian Forested Wetlands,Inland Marshes and Prairies,Forest Height 10 to 25 meters,Tree Cover >= 10 and < 20%
475,1,Laurentian-Acadian Forested Wetlands,Inland Marshes and Prairies,Forest Height 0 to 5 meters,Tree Cover >= 40 and < 50%
476,2,Boreal Aspen-Birch Forest,Aspen-Birch Forest,Forest Height 5 to 10 meters,Tree Cover >= 10 and < 20%
477,5,Laurentian-Acadian Northern Pine Forest,Red Pine-White Pine Forest and Woodland,Forest Height 10 to 25 meters,Tree Cover >= 90 and <= 100%
478,1,Laurentian-Acadian Pine-Hemlock Forest,Pine-Hemlock-Hardwood Forest,Forest Height 25 to 50 meters,Tree Cover >= 40 and < 50%
479,1,Laurentian-Acadian Pine-Hemlock Forest,Pine-Hemlock-Hardwood Forest,Forest Height 25 to 50 meters,Tree Cover >= 60 and < 70%
480,1,Boreal Hardwood Forest,Spruce-Fir-Hardwood Forest,Forest Height 0 to 5 meters,Tree Cover >= 30 and < 40%
481,6,Laurentian-Acadian Forested Wetlands,Inland Marshes and Prairies,Forest Height 0 to 5 meters,Tree Cover >= 10 and < 20%
482,5,Boreal Acidic Peatland Forest,Peatland Forests,Forest Height 0 to 5 meters,Tree Cover >= 60 and < 70%
483,1,Central Interior and Appalachian Swamp Forest,Atlantic Swamp Forests,Forest Height 10 to 25 meters,Tree Cover >= 70 and < 80%
484,1,Boreal White Spruce-Fir Forest,Spruce-Fir-Hardwood Forest,Forest Height 0 to 5 meters,Tree Cover >= 50 and < 60%
485,1,Laurentian-Acadian Northern Pine Forest,Red Pine-White Pine Forest and Woodland,Forest Height 10 to 25 meters,Tree Cover >= 20 and < 30%
486,4,Laurentian-Acadian Alkaline Conifer-Hardwood Swamp Shrubland,Atlantic Swamp Forests,Shrub Height 0.5 to 1.0 meter,Shrub Cover >= 20 and < 30%
487,6,Laurentian-Acadian Shrub Wetlands,Inland Marshes and Prairies,Shrub Height 0 to 0.5 meters,Shrub Cover >= 20 and < 30%
488,12,Laurentian-Acadian Northern Pine-Oak Forest,Red Pine-White Pine Forest and Woodland,Forest Height 5 to 10 meters,Tree Cover >= 30 and < 40%
489,1,Eastern Boreal Floodplain Herbaceous,Jack Pine Forest,Herb Height 0.5 to 1.0 meters,Herb Cover >= 20 and < 30%
490,1,Laurentian-Acadian Northern Pine-Oak Forest,Red Pine-White Pine Forest and Woodland,Forest Height 5 to 10 meters,Tree Cover >= 20 and < 30%
491,9,Boreal Acidic Peatland Forest,Peatland Forests,Forest Height 0 to 5 meters,Tree Cover >= 50 and < 60%
492,79,Boreal White Spruce-Fir-Hardwood Forest,Spruce-Fir-Hardwood Forest,Forest Height 5 to 10 meters,Tree Cover >= 10 and < 20%
493,13,Laurentian-Acadian Forested Wetlands,Inland Marshes and Prairies,Forest Height 5 to 10 meters,Tree Cover >= 20 and < 30%
494,7,Boreal Aspen-Birch Forest,Aspen-Birch Forest,Forest Height 25 to 50 meters,Tree Cover >= 90 and <= 100%
495,1,Eastern Cool Temperate Fallow/Idle Cropland,Agricultural-Fallow/Idle Cropland,Herb Height 0.5 to 1.0 meters,Herb Cover >= 10 and < 20%
496,2,Laurentian-Acadian Herbaceous Wetlands,Inland Marshes and Prairies,Herb Height 0 to 0.5 meters,Herb Cover >= 50 and < 60%
497,2,Boreal White Spruce-Fir Forest,Spruce-Fir-Hardwood Forest,Forest Height 5 to 10 meters,Tree Cover >= 40 and < 50%
498,7,Boreal Hardwood Forest,Spruce-Fir-Hardwood Forest,Forest Height 25 to 50 meters,Tree Cover >= 60 and < 70%
499,1,Eastern Cool Temperate Pasture and Hayland,Agricultural-Pasture and Hayland,Herb Height 0.5 to 1.0 meters,Herb Cover >= 60 and < 70%
500,10,Laurentian-Acadian Forested Wetlands,Inland Marshes and Prairies,Forest Height 5 to 10 meters,Tree Cover >= 10 and < 20%
501,4,Eastern Cool Temperate Developed Ruderal Grassland,Developed-Upland Herbaceous,Herb Height 0 to 0.5 meters,Herb Cover >= 40 and < 50%
502,1,Eastern Cool Temperate Developed Ruderal Evergreen Forest,Developed-Upland Evergreen Forest,Forest Height 0 to 5 meters,Tree Cover >= 20 and < 30%
503,3,Eastern Cool Temperate Developed Ruderal Evergreen Forest,Developed-Upland Evergreen Forest,Forest Height 5 to 10 meters,Tree Cover >= 20 and < 30%
504,1,Eastern Cool Temperate Developed Ruderal Evergreen Forest,Developed-Upland Evergreen Forest,Forest Height 5 to 10 meters,Tree Cover >= 40 and < 50%
505,3,Boreal Acidic Peatland Forest,Peatland Forests,Forest Height 25 to 50 meters,Tree Cover >= 40 and < 50%
506,2,Laurentian-Acadian Northern Oak Forest,Red Pine-White Pine Forest and Woodland,Forest Height 5 to 10 meters,Tree Cover >= 30 and < 40%
507,6,Boreal Acidic Peatland Shrubland,Peatland Forests,Shrub Height 0 to 0.5 meters,Shrub Cover >= 40 and < 50%
508,3,Laurentian-Acadian Alkaline Conifer-Hardwood Swamp Shrubland,Atlantic Swamp Forests,Shrub Height 0 to 0.5 meters,Shrub Cover >= 40 and < 50%
509,15,Boreal Acidic Peatland Shrubland,Peatland Forests,Shrub Height 0 to 0.5 meters,Shrub Cover >= 30 and < 40%
510,2,Laurentian-Acadian Alkaline Conifer-Hardwood Swamp Shrubland,Atlantic Swamp Forests,Shrub Height 1.0 to 3.0 meters,Shrub Cover >= 40 and < 50%
511,1,Laurentian-Acadian Alkaline Conifer-Hardwood Swamp Shrubland,Atlantic Swamp Forests,Shrub Height 1.0 to 3.0 meters,Shrub Cover >= 20 and < 30%
512,26,Laurentian-Acadian Herbaceous Wetlands,Inland Marshes and Prairies,Herb Height 0 to 0.5 meters,Herb Cover >= 40 and < 50%
513,1,Boreal White Spruce-Fir Forest,Spruce-Fir-Hardwood Forest,Forest Height 25 to 50 meters,Tree Cover >= 30 and < 40%
514,1,Boreal White Spruce-Fir Forest,Spruce-Fir-Hardwood Forest,Forest Height 25 to 50 meters,Tree Cover >= 50 and < 60%
515,1,Laurentian-Acadian Alkaline Conifer-Hardwood Swamp Shrubland,Atlantic Swamp Forests,Shrub Height 0.5 to 1.0 meter,Shrub Cover >= 30 and < 40%
516,1,Laurentian Shrubland Barrens,Jack Pine Forest,Shrub Height 1.0 to 3.0 meters,Shrub Cover >= 10 and < 20%
517,11,Boreal Aspen-Birch Forest,Aspen-Birch Forest,Forest Height 25 to 50 meters,Tree Cover >= 50 and < 60%
518,12,Laurentian Shrubland Barrens,Jack Pine Forest,Shrub Height 0 to 0.5 meters,Shrub Cover >= 50 and < 60%
519,39,Recently Burned-Herb and Grass Cover,Transitional Herbacous Vegetation,Herb Height 0 to 0.5 meters,Herb Cover >= 90 and <= 100%
520,1,Laurentian Shrubland Barrens,Jack Pine Forest,Shrub Height 0 to 0.5 meters,Shrub Cover >= 30 and < 40%
521,2,Laurentian-Acadian Shrub Wetlands,Inland Marshes and Prairies,Shrub Height 0 to 0.5 meters,Shrub Cover >= 30 and < 40%
522,1,Laurentian-Acadian Northern Pine Forest,Red Pine-White Pine Forest and Woodland,Forest Height 0 to 5 meters,Tree Cover >= 30 and < 40%
523,2,Boreal Acidic Peatland Shrubland,Peatland Forests,Shrub Height 0.5 to 1.0 meter,Shrub Cover >= 40 and < 50%
524,2,Laurentian-Acadian Alkaline Conifer-Hardwood Swamp Shrubland,Atlantic Swamp Forests,Shrub Height 0.5 to 1.0 meter,Shrub Cover >= 40 and < 50%
525,2,Laurentian-Acadian Pine-Hemlock-Hardwood Forest,Pine-Hemlock-Hardwood Forest,Forest Height 25 to 50 meters,Tree Cover >= 40 and < 50%
526,3,Boreal Aspen-Birch Forest,Aspen-Birch Forest,Forest Height 10 to 25 meters,Tree Cover >= 10 and < 20%
527,21,Managed Tree Plantation-Northern and Central Hardwood and Conifer Plantation Group,Managed Tree Plantation,Forest Height 5 to 10 meters,Tree Cover >= 10 and < 20%
528,2,Laurentian Pine Barrens,Jack Pine Forest,Forest Height 10 to 25 meters,Tree Cover >= 10 and < 20%
529,3,Boreal White Spruce-Fir-Hardwood Forest,Spruce-Fir-Hardwood Forest,Forest Height 10 to 25 meters,Tree Cover >= 10 and < 20%
530,3,Managed Tree Plantation-Northern and Central Hardwood and Conifer Plantation Group,Managed Tree Plantation,Forest Height 10 to 25 meters,Tree Cover >= 10 and < 20%
531,1,Laurentian-Acadian Forested Wetlands,Inland Marshes and Prairies,Forest Height 0 to 5 meters,Tree Cover >= 50 and < 60%
532,1,Laurentian-Acadian Northern Pine Forest,Red Pine-White Pine Forest and Woodland,Forest Height 10 to 25 meters,Tree Cover >= 10 and < 20%
533,8,Recently Burned-Herb and Grass Cover,Transitional Herbacous Vegetation,Herb Height 0 to 0.5 meters,Herb Cover >= 50 and < 60%
534,1,Eastern Cool Temperate Developed Ruderal Grassland,Developed-Upland Herbaceous,Herb Height 0.5 to 1.0 meters,Herb Cover >= 70 and < 80%
535,4,Recently Logged-Herb and Grass Cover,Transitional Herbacous Vegetation,Herb Height 0 to 0.5 meters,Herb Cover >= 20 and < 30%
536,961,Quarries-Strip Mines-Gravel Pits,Quarries-Strip Mines-Gravel Pits,Quarries-Strip Mines-Gravel Pits,Quarries-Strip Mines-Gravel Pits
537,1,Laurentian-Acadian Pine-Hemlock Forest,Pine-Hemlock-Hardwood Forest,Forest Height 25 to 50 meters,Tree Cover >= 10 and < 20%
538,1,Eastern Cool Temperate Row Crop - Close Grown Crop,Agricultural-Row Crop-Close Grown Crop,NASS-Row Crop,NASS-Row Crop
539,2,Eastern Cool Temperate Developed Ruderal Evergreen Forest,Developed-Upland Evergreen Forest,Forest Height 5 to 10 meters,Tree Cover >= 30 and < 40%
540,4,Boreal Acidic Peatland Forest,Peatland Forests,Forest Height 25 to 50 meters,Tree Cover >= 60 and < 70%
541,1,Eastern Cool Temperate Fallow/Idle Cropland,Agricultural-Fallow/Idle Cropland,Herb Height 0.5 to 1.0 meters,Herb Cover >= 20 and < 30%
542,1,Eastern Cool Temperate Fallow/Idle Cropland,Agricultural-Fallow/Idle Cropland,Herb Height 0.5 to 1.0 meters,Herb Cover >= 30 and < 40%
543,2,Boreal White Spruce-Fir Forest,Spruce-Fir-Hardwood Forest,Forest Height 5 to 10 meters,Tree Cover >= 10 and < 20%
544,1,Eastern Boreal Floodplain Herbaceous,Jack Pine Forest,Herb Height 0.5 to 1.0 meters,Herb Cover >= 30 and < 40%
545,1,Laurentian-Acadian Northern Pine-Oak Forest,Red Pine-White Pine Forest and Woodland,Forest Height 25 to 50 meters,Tree Cover >= 80 and < 90%
546,1,Central Interior and Appalachian Sparsely Vegetated Systems,Sparse Vegetation,Sparse Vegetation Height,Sparse Vegetation Canopy
547,1,Laurentian Shrubland Barrens,Jack Pine Forest,Shrub Height 0.5 to 1.0 meter,Shrub Cover >= 10 and < 20%
548,11,Boreal White Spruce-Fir Forest,Spruce-Fir-Hardwood Forest,Forest Height 10 to 25 meters,Tree Cover >= 10 and < 20%
549,1,Laurentian-Acadian Pine-Hemlock Forest,Pine-Hemlock-Hardwood Forest,Forest Height 25 to 50 meters,Tree Cover >= 20 and < 30%
550,1,Laurentian-Acadian Northern Oak Forest,Red Pine-White Pine Forest and Woodland,Forest Height 10 to 25 meters,Tree Cover >= 20 and < 30%
551,11,Laurentian-Acadian Shrub Wetlands,Inland Marshes and Prairies,Shrub Height 0 to 0.5 meters,Shrub Cover >= 50 and < 60%
552,2,Eastern Cool Temperate Developed Ruderal Evergreen Forest,Developed-Upland Evergreen Forest,Forest Height 10 to 25 meters,Tree Cover >= 60 and < 70%
553,3,Boreal Aspen-Birch Forest,Aspen-Birch Forest,Forest Height 25 to 50 meters,Tree Cover >= 40 and < 50%
554,1,Eastern Cool Temperate Orchard,Agricultural-Orchard,Forest Height 5 to 10 meters,Tree Cover >= 10 and < 20%
555,1,Eastern Boreal Floodplain Herbaceous,Jack Pine Forest,Herb Height 0.5 to 1.0 meters,Herb Cover >= 50 and < 60%
556,1,Laurentian-Acadian Northern Pine Forest,Red Pine-White Pine Forest and Woodland,Forest Height 5 to 10 meters,Tree Cover >= 20 and < 30%
557,28,Boreal Jack Pine-Black Spruce Forest,Jack Pine Forest,Forest Height 5 to 10 meters,Tree Cover >= 20 and < 30%
558,1,Boreal White Spruce-Fir-Hardwood Forest,Spruce-Fir-Hardwood Forest,Forest Height 25 to 50 meters,Tree Cover >= 60 and < 70%
559,1,Boreal White Spruce-Fir Forest,Spruce-Fir-Hardwood Forest,Forest Height 5 to 10 meters,Tree Cover >= 80 and < 90%
560,1,Boreal White Spruce-Fir-Hardwood Forest,Spruce-Fir-Hardwood Forest,Forest Height 25 to 50 meters,Tree Cover >= 80 and < 90%
561,1,Boreal Acidic Peatland Herbaceous,Peatland Forests,Herb Height 0 to 0.5 meters,Herb Cover >= 70 and < 80%
562,1,Boreal White Spruce-Fir-Hardwood Forest,Spruce-Fir-Hardwood Forest,Forest Height 0 to 5 meters,Tree Cover >= 60 and < 70%
563,2,Boreal Hardwood Forest,Spruce-Fir-Hardwood Forest,Forest Height 0 to 5 meters,Tree Cover >= 50 and < 60%
564,1,Eastern Cool Temperate Developed Ruderal Evergreen Forest,Developed-Upland Evergreen Forest,Forest Height 0 to 5 meters,Tree Cover >= 40 and < 50%
565,2,Laurentian-Acadian Alkaline Conifer-Hardwood Swamp Forest,Atlantic Swamp Forests,Forest Height 0 to 5 meters,Tree Cover >= 50 and < 60%
566,1,Eastern Cool Temperate Pasture and Hayland,Agricultural-Pasture and Hayland,Herb Height 0 to 0.5 meters,Herb Cover >= 50 and < 60%
567,1,Eastern Cool Temperate Pasture and Hayland,Agricultural-Pasture and Hayland,Herb Height 0 to 0.5 meters,Herb Cover >= 40 and < 50%
568,2,Eastern Cool Temperate Pasture and Hayland,Agricultural-Pasture and Hayland,Herb Height 0 to 0.5 meters,Herb Cover >= 60 and < 70%
569,2,Laurentian-Acadian Alkaline Conifer-Hardwood Swamp Forest,Atlantic Swamp Forests,Forest Height 10 to 25 meters,Tree Cover >= 10 and < 20%
570,1,Boreal White Spruce-Fir Forest,Spruce-Fir-Hardwood Forest,Forest Height 0 to 5 meters,Tree Cover >= 10 and < 20%
571,1,Eastern Cool Temperate Developed Ruderal Deciduous Forest,Developed-Upland Deciduous Forest,Forest Height 0 to 5 meters,Tree Cover >= 30 and < 40%
