Rowid_,VALUE,COUNT,MH_EVT,MH_EVH,MH_EVC,CLASSNAME,EVT_GP,EVT_GP_N,CLASSNAMES,CLASSNAMES_1
,1,102260,3292,11,11,Open Water,11.000000000000000,Open Water,Open Water,Open Water
,2,659558,3302,110,107,Laurentian-Acadian Northern Hardwoods Forest,682.000000000000000,Yellow Birch-Sugar Maple Forest,Forest Height 10 to 25 meters,Tree Cover >= 70 and < 80%
,3,84927,3301,110,107,Boreal Aspen-Birch Forest,652.000000000000000,Aspen-Birch Forest,Forest Height 10 to 25 meters,Tree Cover >= 70 and < 80%
,4,88946,3241,110,107,Laurentian-Acadian Pine-Hemlock-Hardwood Forest,685.000000000000000,Pine-Hemlock-Hardwood Forest,Forest Height 10 to 25 meters,Tree Cover >= 70 and < 80%
,5,308548,3302,110,108,Laurentian-Acadian Northern Hardwoods Forest,682.000000000000000,Yellow Birch-Sugar Maple Forest,Forest Height 10 to 25 meters,Tree Cover >= 80 and < 90%
,6,44890,3245,110,107,Boreal White Spruce-Fir-Hardwood Forest,693.000000000000000,Spruce-Fir-Hardwood Forest,Forest Height 10 to 25 meters,Tree Cover >= 70 and < 80%
,7,44480,3365,110,107,Boreal White Spruce-Fir Forest,693.000000000000000,Spruce-Fir-Hardwood Forest,Forest Height 10 to 25 meters,Tree Cover >= 70 and < 80%
,8,62377,3366,110,107,Laurentian-Acadian Pine-Hemlock Forest,685.000000000000000,Pine-Hemlock-Hardwood Forest,Forest Height 10 to 25 meters,Tree Cover >= 70 and < 80%
,9,10699,3301,110,108,Boreal Aspen-Birch Forest,652.000000000000000,Aspen-Birch Forest,Forest Height 10 to 25 meters,Tree Cover >= 80 and < 90%
,10,43540,3481,110,107,Laurentian-Acadian Alkaline Conifer-Hardwood Swamp Forest,694.000000000000000,Atlantic Swamp Forests,Forest Height 10 to 25 meters,Tree Cover >= 70 and < 80%
,11,31437,3365,110,106,Boreal White Spruce-Fir Forest,693.000000000000000,Spruce-Fir-Hardwood Forest,Forest Height 10 to 25 meters,Tree Cover >= 60 and < 70%
,12,4709,3244,110,107,Boreal Hardwood Forest,693.000000000000000,Spruce-Fir-Hardwood Forest,Forest Height 10 to 25 meters,Tree Cover >= 70 and < 80%
,13,8096,3907,15,15,Eastern Cool Temperate Urban Mixed Forest,15.000000000000000,Developed-Upland Mixed Forest,Developed-Upland Mixed Forest,Developed-Upland Mixed Forest
,14,16266,3302,110,109,Laurentian-Acadian Northern Hardwoods Forest,682.000000000000000,Yellow Birch-Sugar Maple Forest,Forest Height 10 to 25 meters,Tree Cover >= 90 and <= 100%
,15,38837,3299,25,25,Developed-Roads,25.000000000000000,Developed-Roads,Developed-Roads,Developed-Roads
,16,51076,3481,110,106,Laurentian-Acadian Alkaline Conifer-Hardwood Swamp Forest,694.000000000000000,Atlantic Swamp Forests,Forest Height 10 to 25 meters,Tree Cover >= 60 and < 70%
,17,15147,3302,109,106,Laurentian-Acadian Northern Hardwoods Forest,682.000000000000000,Yellow Birch-Sugar Maple Forest,Forest Height 5 to 10 meters,Tree Cover >= 60 and < 70%
,18,77347,3240,110,107,Laurentian-Acadian Hardwood Forest,685.000000000000000,Pine-Hemlock-Hardwood Forest,Forest Height 10 to 25 meters,Tree Cover >= 70 and < 80%
,19,14242,3241,110,108,Laurentian-Acadian Pine-Hemlock-Hardwood Forest,685.000000000000000,Pine-Hemlock-Hardwood Forest,Forest Height 10 to 25 meters,Tree Cover >= 80 and < 90%
,20,39767,3477,110,106,Boreal Acidic Peatland Forest,683.000000000000000,Peatland Forests,Forest Height 10 to 25 meters,Tree Cover >= 60 and < 70%
,21,169,3444,110,108,Eastern Boreal Floodplain Woodland,676.000000000000000,Jack Pine Forest,Forest Height 10 to 25 meters,Tree Cover >= 80 and < 90%
,22,6211,3481,110,108,Laurentian-Acadian Alkaline Conifer-Hardwood Swamp Forest,694.000000000000000,Atlantic Swamp Forests,Forest Height 10 to 25 meters,Tree Cover >= 80 and < 90%
,23,29865,3240,110,108,Laurentian-Acadian Hardwood Forest,685.000000000000000,Pine-Hemlock-Hardwood Forest,Forest Height 10 to 25 meters,Tree Cover >= 80 and < 90%
,24,4463,3905,13,13,Eastern Cool Temperate Urban Deciduous Forest,13.000000000000000,Developed-Upland Deciduous Forest,Developed-Upland Deciduous Forest,Developed-Upland Deciduous Forest
,25,2827,3362,110,106,Laurentian-Acadian Northern Pine Forest,665.000000000000000,Red Pine-White Pine Forest and Woodland,Forest Height 10 to 25 meters,Tree Cover >= 60 and < 70%
,26,1864,3294,31,31,Barren,31.000000000000000,Barren,Barren,Barren
,27,50392,3302,110,106,Laurentian-Acadian Northern Hardwoods Forest,682.000000000000000,Yellow Birch-Sugar Maple Forest,Forest Height 10 to 25 meters,Tree Cover >= 60 and < 70%
,28,24782,3477,110,107,Boreal Acidic Peatland Forest,683.000000000000000,Peatland Forests,Forest Height 10 to 25 meters,Tree Cover >= 70 and < 80%
,29,665,3444,110,106,Eastern Boreal Floodplain Woodland,676.000000000000000,Jack Pine Forest,Forest Height 10 to 25 meters,Tree Cover >= 60 and < 70%
,30,9140,3302,111,107,Laurentian-Acadian Northern Hardwoods Forest,682.000000000000000,Yellow Birch-Sugar Maple Forest,Forest Height 25 to 50 meters,Tree Cover >= 70 and < 80%
,31,1450,3344,110,107,Boreal Jack Pine-Black Spruce Forest,676.000000000000000,Jack Pine Forest,Forest Height 10 to 25 meters,Tree Cover >= 70 and < 80%
,32,1878,3239,110,106,Laurentian-Acadian Northern Pine-Oak Forest,665.000000000000000,Red Pine-White Pine Forest and Woodland,Forest Height 10 to 25 meters,Tree Cover >= 60 and < 70%
,33,63,3242,110,107,Laurentian Oak Barrens,676.000000000000000,Jack Pine Forest,Forest Height 10 to 25 meters,Tree Cover >= 70 and < 80%
,34,531,3301,110,109,Boreal Aspen-Birch Forest,652.000000000000000,Aspen-Birch Forest,Forest Height 10 to 25 meters,Tree Cover >= 90 and <= 100%
,35,4468,3906,14,14,Eastern Cool Temperate Urban Evergreen Forest,14.000000000000000,Developed-Upland Evergreen Forest,Developed-Upland Evergreen Forest,Developed-Upland Evergreen Forest
,36,7170,3244,110,106,Boreal Hardwood Forest,693.000000000000000,Spruce-Fir-Hardwood Forest,Forest Height 10 to 25 meters,Tree Cover >= 60 and < 70%
,37,14853,3301,110,106,Boreal Aspen-Birch Forest,652.000000000000000,Aspen-Birch Forest,Forest Height 10 to 25 meters,Tree Cover >= 60 and < 70%
,38,5285,3366,110,108,Laurentian-Acadian Pine-Hemlock Forest,685.000000000000000,Pine-Hemlock-Hardwood Forest,Forest Height 10 to 25 meters,Tree Cover >= 80 and < 90%
,39,312,3281,107,114,Laurentian-Acadian Alkaline Conifer-Hardwood Swamp Shrubland,694.000000000000000,Atlantic Swamp Forests,Shrub Height > 3.0 meters,Shrub Cover >= 40 and < 50%
,40,354,3279,107,114,Boreal Acidic Peatland Shrubland,683.000000000000000,Peatland Forests,Shrub Height > 3.0 meters,Shrub Cover >= 40 and < 50%
,41,1411,3239,110,107,Laurentian-Acadian Northern Pine-Oak Forest,665.000000000000000,Red Pine-White Pine Forest and Woodland,Forest Height 10 to 25 meters,Tree Cover >= 70 and < 80%
,42,14556,3481,110,105,Laurentian-Acadian Alkaline Conifer-Hardwood Swamp Forest,694.000000000000000,Atlantic Swamp Forests,Forest Height 10 to 25 meters,Tree Cover >= 50 and < 60%
,43,3969,3344,110,106,Boreal Jack Pine-Black Spruce Forest,676.000000000000000,Jack Pine Forest,Forest Height 10 to 25 meters,Tree Cover >= 60 and < 70%
,44,40610,3279,107,111,Boreal Acidic Peatland Shrubland,683.000000000000000,Peatland Forests,Shrub Height > 3.0 meters,Shrub Cover >= 10 and < 20%
,45,20356,3281,107,111,Laurentian-Acadian Alkaline Conifer-Hardwood Swamp Shrubland,694.000000000000000,Atlantic Swamp Forests,Shrub Height > 3.0 meters,Shrub Cover >= 10 and < 20%
,46,4878,3241,110,106,Laurentian-Acadian Pine-Hemlock-Hardwood Forest,685.000000000000000,Pine-Hemlock-Hardwood Forest,Forest Height 10 to 25 meters,Tree Cover >= 60 and < 70%
,47,14704,3302,110,104,Laurentian-Acadian Northern Hardwoods Forest,682.000000000000000,Yellow Birch-Sugar Maple Forest,Forest Height 10 to 25 meters,Tree Cover >= 40 and < 50%
,48,2572,3245,110,108,Boreal White Spruce-Fir-Hardwood Forest,693.000000000000000,Spruce-Fir-Hardwood Forest,Forest Height 10 to 25 meters,Tree Cover >= 80 and < 90%
,49,451,3444,110,107,Eastern Boreal Floodplain Woodland,676.000000000000000,Jack Pine Forest,Forest Height 10 to 25 meters,Tree Cover >= 70 and < 80%
,50,6288,3302,111,108,Laurentian-Acadian Northern Hardwoods Forest,682.000000000000000,Yellow Birch-Sugar Maple Forest,Forest Height 25 to 50 meters,Tree Cover >= 80 and < 90%
,51,3829,3481,110,104,Laurentian-Acadian Alkaline Conifer-Hardwood Swamp Forest,694.000000000000000,Atlantic Swamp Forests,Forest Height 10 to 25 meters,Tree Cover >= 40 and < 50%
,52,77,3281,107,113,Laurentian-Acadian Alkaline Conifer-Hardwood Swamp Shrubland,694.000000000000000,Atlantic Swamp Forests,Shrub Height > 3.0 meters,Shrub Cover >= 30 and < 40%
,53,23316,3302,110,105,Laurentian-Acadian Northern Hardwoods Forest,682.000000000000000,Yellow Birch-Sugar Maple Forest,Forest Height 10 to 25 meters,Tree Cover >= 50 and < 60%
,54,34530,3477,110,105,Boreal Acidic Peatland Forest,683.000000000000000,Peatland Forests,Forest Height 10 to 25 meters,Tree Cover >= 50 and < 60%
,55,3156,3240,110,105,Laurentian-Acadian Hardwood Forest,685.000000000000000,Pine-Hemlock-Hardwood Forest,Forest Height 10 to 25 meters,Tree Cover >= 50 and < 60%
,56,4165,3301,110,105,Boreal Aspen-Birch Forest,652.000000000000000,Aspen-Birch Forest,Forest Height 10 to 25 meters,Tree Cover >= 50 and < 60%
,57,6233,3240,110,106,Laurentian-Acadian Hardwood Forest,685.000000000000000,Pine-Hemlock-Hardwood Forest,Forest Height 10 to 25 meters,Tree Cover >= 60 and < 70%
,58,2458,3240,110,104,Laurentian-Acadian Hardwood Forest,685.000000000000000,Pine-Hemlock-Hardwood Forest,Forest Height 10 to 25 meters,Tree Cover >= 40 and < 50%
,59,496,3244,110,108,Boreal Hardwood Forest,693.000000000000000,Spruce-Fir-Hardwood Forest,Forest Height 10 to 25 meters,Tree Cover >= 80 and < 90%
,60,2062,3240,110,109,Laurentian-Acadian Hardwood Forest,685.000000000000000,Pine-Hemlock-Hardwood Forest,Forest Height 10 to 25 meters,Tree Cover >= 90 and <= 100%
,61,1007,3301,110,103,Boreal Aspen-Birch Forest,652.000000000000000,Aspen-Birch Forest,Forest Height 10 to 25 meters,Tree Cover >= 30 and < 40%
,62,6332,3245,110,106,Boreal White Spruce-Fir-Hardwood Forest,693.000000000000000,Spruce-Fir-Hardwood Forest,Forest Height 10 to 25 meters,Tree Cover >= 60 and < 70%
,63,1820,3366,109,106,Laurentian-Acadian Pine-Hemlock Forest,685.000000000000000,Pine-Hemlock-Hardwood Forest,Forest Height 5 to 10 meters,Tree Cover >= 60 and < 70%
,64,2653,3301,110,104,Boreal Aspen-Birch Forest,652.000000000000000,Aspen-Birch Forest,Forest Height 10 to 25 meters,Tree Cover >= 40 and < 50%
,65,640,3241,110,109,Laurentian-Acadian Pine-Hemlock-Hardwood Forest,685.000000000000000,Pine-Hemlock-Hardwood Forest,Forest Height 10 to 25 meters,Tree Cover >= 90 and <= 100%
,66,853,3481,110,102,Laurentian-Acadian Alkaline Conifer-Hardwood Swamp Forest,694.000000000000000,Atlantic Swamp Forests,Forest Height 10 to 25 meters,Tree Cover >= 20 and < 30%
,67,3863,3908,16,16,Eastern Cool Temperate Urban Herbaceous,16.000000000000000,Developed-Upland Herbaceous,Developed-Upland Herbaceous,Developed-Upland Herbaceous
,68,341,3302,111,109,Laurentian-Acadian Northern Hardwoods Forest,682.000000000000000,Yellow Birch-Sugar Maple Forest,Forest Height 25 to 50 meters,Tree Cover >= 90 and <= 100%
,69,213,3281,107,112,Laurentian-Acadian Alkaline Conifer-Hardwood Swamp Shrubland,694.000000000000000,Atlantic Swamp Forests,Shrub Height > 3.0 meters,Shrub Cover >= 20 and < 30%
,70,3136,3365,110,108,Boreal White Spruce-Fir Forest,693.000000000000000,Spruce-Fir-Hardwood Forest,Forest Height 10 to 25 meters,Tree Cover >= 80 and < 90%
,71,51,3279,107,113,Boreal Acidic Peatland Shrubland,683.000000000000000,Peatland Forests,Shrub Height > 3.0 meters,Shrub Cover >= 30 and < 40%
,72,121,3481,109,101,Laurentian-Acadian Alkaline Conifer-Hardwood Swamp Forest,694.000000000000000,Atlantic Swamp Forests,Forest Height 5 to 10 meters,Tree Cover >= 10 and < 20%
,73,2171,3366,110,106,Laurentian-Acadian Pine-Hemlock Forest,685.000000000000000,Pine-Hemlock-Hardwood Forest,Forest Height 10 to 25 meters,Tree Cover >= 60 and < 70%
,74,3948,3909,17,17,Eastern Cool Temperate Urban Shrubland,17.000000000000000,Developed-Upland Shrubland,Developed-Upland Shrubland,Developed-Upland Shrubland
,75,39,3481,108,102,Laurentian-Acadian Alkaline Conifer-Hardwood Swamp Forest,694.000000000000000,Atlantic Swamp Forests,Forest Height 0 to 5 meters,Tree Cover >= 20 and < 30%
,76,408,3366,110,109,Laurentian-Acadian Pine-Hemlock Forest,685.000000000000000,Pine-Hemlock-Hardwood Forest,Forest Height 10 to 25 meters,Tree Cover >= 90 and <= 100%
,77,166,3934,102,121,Eastern Cool Temperate Developed Ruderal Grassland,16.000000000000000,Developed-Upland Herbaceous,Herb Height 0.5 to 1.0 meters,Herb Cover >= 10 and < 20%
,78,327,3281,104,111,Laurentian-Acadian Alkaline Conifer-Hardwood Swamp Shrubland,694.000000000000000,Atlantic Swamp Forests,Shrub Height 0 to 0.5 meters,Shrub Cover >= 10 and < 20%
,79,340,3481,109,103,Laurentian-Acadian Alkaline Conifer-Hardwood Swamp Forest,694.000000000000000,Atlantic Swamp Forests,Forest Height 5 to 10 meters,Tree Cover >= 30 and < 40%
,80,500,3481,109,102,Laurentian-Acadian Alkaline Conifer-Hardwood Swamp Forest,694.000000000000000,Atlantic Swamp Forests,Forest Height 5 to 10 meters,Tree Cover >= 20 and < 30%
,81,20,3272,107,112,Eastern Boreal Floodplain Shrubland,676.000000000000000,Jack Pine Forest,Shrub Height > 3.0 meters,Shrub Cover >= 20 and < 30%
,82,84,3344,109,103,Boreal Jack Pine-Black Spruce Forest,676.000000000000000,Jack Pine Forest,Forest Height 5 to 10 meters,Tree Cover >= 30 and < 40%
,83,1677,3362,110,107,Laurentian-Acadian Northern Pine Forest,665.000000000000000,Red Pine-White Pine Forest and Woodland,Forest Height 10 to 25 meters,Tree Cover >= 70 and < 80%
,84,2595,3344,110,105,Boreal Jack Pine-Black Spruce Forest,676.000000000000000,Jack Pine Forest,Forest Height 10 to 25 meters,Tree Cover >= 50 and < 60%
,85,13,3279,105,112,Boreal Acidic Peatland Shrubland,683.000000000000000,Peatland Forests,Shrub Height 0.5 to 1.0 meter,Shrub Cover >= 20 and < 30%
,86,1277,3241,110,105,Laurentian-Acadian Pine-Hemlock-Hardwood Forest,685.000000000000000,Pine-Hemlock-Hardwood Forest,Forest Height 10 to 25 meters,Tree Cover >= 50 and < 60%
,87,1136,3241,110,104,Laurentian-Acadian Pine-Hemlock-Hardwood Forest,685.000000000000000,Pine-Hemlock-Hardwood Forest,Forest Height 10 to 25 meters,Tree Cover >= 40 and < 50%
,88,4668,3477,110,108,Boreal Acidic Peatland Forest,683.000000000000000,Peatland Forests,Forest Height 10 to 25 meters,Tree Cover >= 80 and < 90%
,89,135,3279,104,111,Boreal Acidic Peatland Shrubland,683.000000000000000,Peatland Forests,Shrub Height 0 to 0.5 meters,Shrub Cover >= 10 and < 20%
,90,40,3279,105,111,Boreal Acidic Peatland Shrubland,683.000000000000000,Peatland Forests,Shrub Height 0.5 to 1.0 meter,Shrub Cover >= 10 and < 20%
,91,98,3281,105,111,Laurentian-Acadian Alkaline Conifer-Hardwood Swamp Shrubland,694.000000000000000,Atlantic Swamp Forests,Shrub Height 0.5 to 1.0 meter,Shrub Cover >= 10 and < 20%
,92,2565,3191,102,125,Recently Logged-Herb and Grass Cover,710.000000000000000,Transitional Herbacous Vegetation,Herb Height 0.5 to 1.0 meters,Herb Cover >= 50 and < 60%
,93,443,3366,110,104,Laurentian-Acadian Pine-Hemlock Forest,685.000000000000000,Pine-Hemlock-Hardwood Forest,Forest Height 10 to 25 meters,Tree Cover >= 40 and < 50%
,94,5110,3302,110,103,Laurentian-Acadian Northern Hardwoods Forest,682.000000000000000,Yellow Birch-Sugar Maple Forest,Forest Height 10 to 25 meters,Tree Cover >= 30 and < 40%
,95,5612,3297,23,23,Developed-Medium Intensity,23.000000000000000,Developed-Medium Intensity,Developed - Medium Intensity,Developed - Medium Intensity
,96,158,3366,109,102,Laurentian-Acadian Pine-Hemlock Forest,685.000000000000000,Pine-Hemlock-Hardwood Forest,Forest Height 5 to 10 meters,Tree Cover >= 20 and < 30%
,97,685,3366,110,105,Laurentian-Acadian Pine-Hemlock Forest,685.000000000000000,Pine-Hemlock-Hardwood Forest,Forest Height 10 to 25 meters,Tree Cover >= 50 and < 60%
,98,41,3481,109,105,Laurentian-Acadian Alkaline Conifer-Hardwood Swamp Forest,694.000000000000000,Atlantic Swamp Forests,Forest Height 5 to 10 meters,Tree Cover >= 50 and < 60%
,99,114,3344,110,108,Boreal Jack Pine-Black Spruce Forest,676.000000000000000,Jack Pine Forest,Forest Height 10 to 25 meters,Tree Cover >= 80 and < 90%
,100,357,3241,110,103,Laurentian-Acadian Pine-Hemlock-Hardwood Forest,685.000000000000000,Pine-Hemlock-Hardwood Forest,Forest Height 10 to 25 meters,Tree Cover >= 30 and < 40%
,101,3671,3191,102,124,Recently Logged-Herb and Grass Cover,710.000000000000000,Transitional Herbacous Vegetation,Herb Height 0.5 to 1.0 meters,Herb Cover >= 40 and < 50%
,102,297,3934,102,125,Eastern Cool Temperate Developed Ruderal Grassland,16.000000000000000,Developed-Upland Herbaceous,Herb Height 0.5 to 1.0 meters,Herb Cover >= 50 and < 60%
,103,12430,3477,110,104,Boreal Acidic Peatland Forest,683.000000000000000,Peatland Forests,Forest Height 10 to 25 meters,Tree Cover >= 40 and < 50%
,104,547,3934,102,124,Eastern Cool Temperate Developed Ruderal Grassland,16.000000000000000,Developed-Upland Herbaceous,Herb Height 0.5 to 1.0 meters,Herb Cover >= 40 and < 50%
,105,35,3241,109,104,Laurentian-Acadian Pine-Hemlock-Hardwood Forest,685.000000000000000,Pine-Hemlock-Hardwood Forest,Forest Height 5 to 10 meters,Tree Cover >= 40 and < 50%
,106,289,3481,110,109,Laurentian-Acadian Alkaline Conifer-Hardwood Swamp Forest,694.000000000000000,Atlantic Swamp Forests,Forest Height 10 to 25 meters,Tree Cover >= 90 and <= 100%
,107,99,3933,107,111,Eastern Cool Temperate Developed Ruderal Shrubland,17.000000000000000,Developed-Upland Shrubland,Shrub Height > 3.0 meters,Shrub Cover >= 10 and < 20%
,108,8,3366,109,109,Laurentian-Acadian Pine-Hemlock Forest,685.000000000000000,Pine-Hemlock-Hardwood Forest,Forest Height 5 to 10 meters,Tree Cover >= 90 and <= 100%
,109,993,3240,111,107,Laurentian-Acadian Hardwood Forest,685.000000000000000,Pine-Hemlock-Hardwood Forest,Forest Height 25 to 50 meters,Tree Cover >= 70 and < 80%
,110,62,3241,110,102,Laurentian-Acadian Pine-Hemlock-Hardwood Forest,685.000000000000000,Pine-Hemlock-Hardwood Forest,Forest Height 10 to 25 meters,Tree Cover >= 20 and < 30%
,111,130,3977,102,125,Eastern Cool Temperate Pasture and Hayland,67.000000000000000,Agricultural-Pasture and Hayland,Herb Height 0.5 to 1.0 meters,Herb Cover >= 50 and < 60%
,112,456,3238,110,107,Laurentian-Acadian Northern Oak Forest,665.000000000000000,Red Pine-White Pine Forest and Woodland,Forest Height 10 to 25 meters,Tree Cover >= 70 and < 80%
,113,10,3271,101,121,Eastern Boreal Floodplain Herbaceous,676.000000000000000,Jack Pine Forest,Herb Height 0 to 0.5 meters,Herb Cover >= 10 and < 20%
,114,12,3271,102,121,Eastern Boreal Floodplain Herbaceous,676.000000000000000,Jack Pine Forest,Herb Height 0.5 to 1.0 meters,Herb Cover >= 10 and < 20%
,115,6169,3477,110,103,Boreal Acidic Peatland Forest,683.000000000000000,Peatland Forests,Forest Height 10 to 25 meters,Tree Cover >= 30 and < 40%
,116,84,3366,110,103,Laurentian-Acadian Pine-Hemlock Forest,685.000000000000000,Pine-Hemlock-Hardwood Forest,Forest Height 10 to 25 meters,Tree Cover >= 30 and < 40%
,117,32,3977,102,121,Eastern Cool Temperate Pasture and Hayland,67.000000000000000,Agricultural-Pasture and Hayland,Herb Height 0.5 to 1.0 meters,Herb Cover >= 10 and < 20%
,118,131,3278,102,123,Boreal Acidic Peatland Herbaceous,683.000000000000000,Peatland Forests,Herb Height 0.5 to 1.0 meters,Herb Cover >= 30 and < 40%
,119,104,3492,102,124,Great Lakes Coastal Marsh Herbaceous,675.000000000000000,Inland Marshes and Prairies,Herb Height 0.5 to 1.0 meters,Herb Cover >= 40 and < 50%
,120,8,3366,109,101,Laurentian-Acadian Pine-Hemlock Forest,685.000000000000000,Pine-Hemlock-Hardwood Forest,Forest Height 5 to 10 meters,Tree Cover >= 10 and < 20%
,121,147,3240,111,106,Laurentian-Acadian Hardwood Forest,685.000000000000000,Pine-Hemlock-Hardwood Forest,Forest Height 25 to 50 meters,Tree Cover >= 60 and < 70%
,122,111,3272,107,111,Eastern Boreal Floodplain Shrubland,676.000000000000000,Jack Pine Forest,Shrub Height > 3.0 meters,Shrub Cover >= 10 and < 20%
,123,21,3481,109,106,Laurentian-Acadian Alkaline Conifer-Hardwood Swamp Forest,694.000000000000000,Atlantic Swamp Forests,Forest Height 5 to 10 meters,Tree Cover >= 60 and < 70%
,124,132,3301,111,108,Boreal Aspen-Birch Forest,652.000000000000000,Aspen-Birch Forest,Forest Height 25 to 50 meters,Tree Cover >= 80 and < 90%
,125,645,3240,111,108,Laurentian-Acadian Hardwood Forest,685.000000000000000,Pine-Hemlock-Hardwood Forest,Forest Height 25 to 50 meters,Tree Cover >= 80 and < 90%
,126,3054,3365,110,105,Boreal White Spruce-Fir Forest,693.000000000000000,Spruce-Fir-Hardwood Forest,Forest Height 10 to 25 meters,Tree Cover >= 50 and < 60%
,127,90,3477,109,106,Boreal Acidic Peatland Forest,683.000000000000000,Peatland Forests,Forest Height 5 to 10 meters,Tree Cover >= 60 and < 70%
,128,1,3366,108,106,Laurentian-Acadian Pine-Hemlock Forest,685.000000000000000,Pine-Hemlock-Hardwood Forest,Forest Height 0 to 5 meters,Tree Cover >= 60 and < 70%
,129,50,3934,101,121,Eastern Cool Temperate Developed Ruderal Grassland,16.000000000000000,Developed-Upland Herbaceous,Herb Height 0 to 0.5 meters,Herb Cover >= 10 and < 20%
,130,4,3302,108,108,Laurentian-Acadian Northern Hardwoods Forest,682.000000000000000,Yellow Birch-Sugar Maple Forest,Forest Height 0 to 5 meters,Tree Cover >= 80 and < 90%
,131,5,3444,111,107,Eastern Boreal Floodplain Woodland,676.000000000000000,Jack Pine Forest,Forest Height 25 to 50 meters,Tree Cover >= 70 and < 80%
,132,667,3240,110,103,Laurentian-Acadian Hardwood Forest,685.000000000000000,Pine-Hemlock-Hardwood Forest,Forest Height 10 to 25 meters,Tree Cover >= 30 and < 40%
,133,181,3977,102,124,Eastern Cool Temperate Pasture and Hayland,67.000000000000000,Agricultural-Pasture and Hayland,Herb Height 0.5 to 1.0 meters,Herb Cover >= 40 and < 50%
,134,39,3238,110,108,Laurentian-Acadian Northern Oak Forest,665.000000000000000,Red Pine-White Pine Forest and Woodland,Forest Height 10 to 25 meters,Tree Cover >= 80 and < 90%
,135,112,3930,110,108,Eastern Cool Temperate Developed Ruderal Deciduous Forest,13.000000000000000,Developed-Upland Deciduous Forest,Forest Height 10 to 25 meters,Tree Cover >= 80 and < 90%
,136,67,3366,110,102,Laurentian-Acadian Pine-Hemlock Forest,685.000000000000000,Pine-Hemlock-Hardwood Forest,Forest Height 10 to 25 meters,Tree Cover >= 20 and < 30%
,137,10,3444,110,109,Eastern Boreal Floodplain Woodland,676.000000000000000,Jack Pine Forest,Forest Height 10 to 25 meters,Tree Cover >= 90 and <= 100%
,138,365,3238,110,106,Laurentian-Acadian Northern Oak Forest,665.000000000000000,Red Pine-White Pine Forest and Woodland,Forest Height 10 to 25 meters,Tree Cover >= 60 and < 70%
,139,359,3301,111,107,Boreal Aspen-Birch Forest,652.000000000000000,Aspen-Birch Forest,Forest Height 25 to 50 meters,Tree Cover >= 70 and < 80%
,140,1335,3302,110,102,Laurentian-Acadian Northern Hardwoods Forest,682.000000000000000,Yellow Birch-Sugar Maple Forest,Forest Height 10 to 25 meters,Tree Cover >= 20 and < 30%
,141,107,3284,102,125,Laurentian-Acadian Herbaceous Wetlands,675.000000000000000,Inland Marshes and Prairies,Herb Height 0.5 to 1.0 meters,Herb Cover >= 50 and < 60%
,142,4,3302,108,107,Laurentian-Acadian Northern Hardwoods Forest,682.000000000000000,Yellow Birch-Sugar Maple Forest,Forest Height 0 to 5 meters,Tree Cover >= 70 and < 80%
,143,41,3302,108,106,Laurentian-Acadian Northern Hardwoods Forest,682.000000000000000,Yellow Birch-Sugar Maple Forest,Forest Height 0 to 5 meters,Tree Cover >= 60 and < 70%
,144,83,3934,102,122,Eastern Cool Temperate Developed Ruderal Grassland,16.000000000000000,Developed-Upland Herbaceous,Herb Height 0.5 to 1.0 meters,Herb Cover >= 20 and < 30%
,145,66,3481,111,107,Laurentian-Acadian Alkaline Conifer-Hardwood Swamp Forest,694.000000000000000,Atlantic Swamp Forests,Forest Height 25 to 50 meters,Tree Cover >= 70 and < 80%
,146,10,3931,110,103,Eastern Cool Temperate Developed Ruderal Evergreen Forest,14.000000000000000,Developed-Upland Evergreen Forest,Forest Height 10 to 25 meters,Tree Cover >= 30 and < 40%
,147,70,3930,110,102,Eastern Cool Temperate Developed Ruderal Deciduous Forest,13.000000000000000,Developed-Upland Deciduous Forest,Forest Height 10 to 25 meters,Tree Cover >= 20 and < 30%
,148,68,3930,110,103,Eastern Cool Temperate Developed Ruderal Deciduous Forest,13.000000000000000,Developed-Upland Deciduous Forest,Forest Height 10 to 25 meters,Tree Cover >= 30 and < 40%
,149,2,3301,109,108,Boreal Aspen-Birch Forest,652.000000000000000,Aspen-Birch Forest,Forest Height 5 to 10 meters,Tree Cover >= 80 and < 90%
,150,140,3934,102,123,Eastern Cool Temperate Developed Ruderal Grassland,16.000000000000000,Developed-Upland Herbaceous,Herb Height 0.5 to 1.0 meters,Herb Cover >= 30 and < 40%
,151,285,3278,102,122,Boreal Acidic Peatland Herbaceous,683.000000000000000,Peatland Forests,Herb Height 0.5 to 1.0 meters,Herb Cover >= 20 and < 30%
,152,1178,3278,102,121,Boreal Acidic Peatland Herbaceous,683.000000000000000,Peatland Forests,Herb Height 0.5 to 1.0 meters,Herb Cover >= 10 and < 20%
,153,3,3931,110,104,Eastern Cool Temperate Developed Ruderal Evergreen Forest,14.000000000000000,Developed-Upland Evergreen Forest,Forest Height 10 to 25 meters,Tree Cover >= 40 and < 50%
,154,22,3932,110,103,Eastern Cool Temperate Developed Ruderal Mixed Forest,15.000000000000000,Developed-Upland Mixed Forest,Forest Height 10 to 25 meters,Tree Cover >= 30 and < 40%
,155,50,3285,107,112,Laurentian-Acadian Shrub Wetlands,675.000000000000000,Inland Marshes and Prairies,Shrub Height > 3.0 meters,Shrub Cover >= 20 and < 30%
,156,18,3932,110,108,Eastern Cool Temperate Developed Ruderal Mixed Forest,15.000000000000000,Developed-Upland Mixed Forest,Forest Height 10 to 25 meters,Tree Cover >= 80 and < 90%
,157,74,3444,110,105,Eastern Boreal Floodplain Woodland,676.000000000000000,Jack Pine Forest,Forest Height 10 to 25 meters,Tree Cover >= 50 and < 60%
,158,328,3284,102,126,Laurentian-Acadian Herbaceous Wetlands,675.000000000000000,Inland Marshes and Prairies,Herb Height 0.5 to 1.0 meters,Herb Cover >= 60 and < 70%
,159,21,3284,102,122,Laurentian-Acadian Herbaceous Wetlands,675.000000000000000,Inland Marshes and Prairies,Herb Height 0.5 to 1.0 meters,Herb Cover >= 20 and < 30%
,160,375,3284,101,126,Laurentian-Acadian Herbaceous Wetlands,675.000000000000000,Inland Marshes and Prairies,Herb Height 0 to 0.5 meters,Herb Cover >= 60 and < 70%
,161,8,3932,110,104,Eastern Cool Temperate Developed Ruderal Mixed Forest,15.000000000000000,Developed-Upland Mixed Forest,Forest Height 10 to 25 meters,Tree Cover >= 40 and < 50%
,162,40,3240,111,109,Laurentian-Acadian Hardwood Forest,685.000000000000000,Pine-Hemlock-Hardwood Forest,Forest Height 25 to 50 meters,Tree Cover >= 90 and <= 100%
,163,4858,3302,109,102,Laurentian-Acadian Northern Hardwoods Forest,682.000000000000000,Yellow Birch-Sugar Maple Forest,Forest Height 5 to 10 meters,Tree Cover >= 20 and < 30%
,164,75,3930,110,104,Eastern Cool Temperate Developed Ruderal Deciduous Forest,13.000000000000000,Developed-Upland Deciduous Forest,Forest Height 10 to 25 meters,Tree Cover >= 40 and < 50%
,165,155,3362,110,108,Laurentian-Acadian Northern Pine Forest,665.000000000000000,Red Pine-White Pine Forest and Woodland,Forest Height 10 to 25 meters,Tree Cover >= 80 and < 90%
,166,3,3301,108,106,Boreal Aspen-Birch Forest,652.000000000000000,Aspen-Birch Forest,Forest Height 0 to 5 meters,Tree Cover >= 60 and < 70%
,167,32,3930,109,101,Eastern Cool Temperate Developed Ruderal Deciduous Forest,13.000000000000000,Developed-Upland Deciduous Forest,Forest Height 5 to 10 meters,Tree Cover >= 10 and < 20%
,168,172,3240,110,102,Laurentian-Acadian Hardwood Forest,685.000000000000000,Pine-Hemlock-Hardwood Forest,Forest Height 10 to 25 meters,Tree Cover >= 20 and < 30%
,169,4,3931,110,108,Eastern Cool Temperate Developed Ruderal Evergreen Forest,14.000000000000000,Developed-Upland Evergreen Forest,Forest Height 10 to 25 meters,Tree Cover >= 80 and < 90%
,170,2,3932,110,109,Eastern Cool Temperate Developed Ruderal Mixed Forest,15.000000000000000,Developed-Upland Mixed Forest,Forest Height 10 to 25 meters,Tree Cover >= 90 and <= 100%
,171,51,3930,110,106,Eastern Cool Temperate Developed Ruderal Deciduous Forest,13.000000000000000,Developed-Upland Deciduous Forest,Forest Height 10 to 25 meters,Tree Cover >= 60 and < 70%
,172,5,3931,110,101,Eastern Cool Temperate Developed Ruderal Evergreen Forest,14.000000000000000,Developed-Upland Evergreen Forest,Forest Height 10 to 25 meters,Tree Cover >= 10 and < 20%
,173,28,3932,110,107,Eastern Cool Temperate Developed Ruderal Mixed Forest,15.000000000000000,Developed-Upland Mixed Forest,Forest Height 10 to 25 meters,Tree Cover >= 70 and < 80%
,174,97,3930,110,107,Eastern Cool Temperate Developed Ruderal Deciduous Forest,13.000000000000000,Developed-Upland Deciduous Forest,Forest Height 10 to 25 meters,Tree Cover >= 70 and < 80%
,175,6,3931,110,102,Eastern Cool Temperate Developed Ruderal Evergreen Forest,14.000000000000000,Developed-Upland Evergreen Forest,Forest Height 10 to 25 meters,Tree Cover >= 20 and < 30%
,176,20,3932,110,102,Eastern Cool Temperate Developed Ruderal Mixed Forest,15.000000000000000,Developed-Upland Mixed Forest,Forest Height 10 to 25 meters,Tree Cover >= 20 and < 30%
,177,63,3930,110,101,Eastern Cool Temperate Developed Ruderal Deciduous Forest,13.000000000000000,Developed-Upland Deciduous Forest,Forest Height 10 to 25 meters,Tree Cover >= 10 and < 20%
,178,21,3977,102,123,Eastern Cool Temperate Pasture and Hayland,67.000000000000000,Agricultural-Pasture and Hayland,Herb Height 0.5 to 1.0 meters,Herb Cover >= 30 and < 40%
,179,5,3477,109,108,Boreal Acidic Peatland Forest,683.000000000000000,Peatland Forests,Forest Height 5 to 10 meters,Tree Cover >= 80 and < 90%
,180,38,3284,102,121,Laurentian-Acadian Herbaceous Wetlands,675.000000000000000,Inland Marshes and Prairies,Herb Height 0.5 to 1.0 meters,Herb Cover >= 10 and < 20%
,181,12,3284,101,122,Laurentian-Acadian Herbaceous Wetlands,675.000000000000000,Inland Marshes and Prairies,Herb Height 0 to 0.5 meters,Herb Cover >= 20 and < 30%
,182,130,3241,109,101,Laurentian-Acadian Pine-Hemlock-Hardwood Forest,685.000000000000000,Pine-Hemlock-Hardwood Forest,Forest Height 5 to 10 meters,Tree Cover >= 10 and < 20%
,183,109,3284,102,124,Laurentian-Acadian Herbaceous Wetlands,675.000000000000000,Inland Marshes and Prairies,Herb Height 0.5 to 1.0 meters,Herb Cover >= 40 and < 50%
,184,20,3977,102,122,Eastern Cool Temperate Pasture and Hayland,67.000000000000000,Agricultural-Pasture and Hayland,Herb Height 0.5 to 1.0 meters,Herb Cover >= 20 and < 30%
,185,11,3366,111,107,Laurentian-Acadian Pine-Hemlock Forest,685.000000000000000,Pine-Hemlock-Hardwood Forest,Forest Height 25 to 50 meters,Tree Cover >= 70 and < 80%
,186,53,3241,111,108,Laurentian-Acadian Pine-Hemlock-Hardwood Forest,685.000000000000000,Pine-Hemlock-Hardwood Forest,Forest Height 25 to 50 meters,Tree Cover >= 80 and < 90%
,187,19,3240,111,104,Laurentian-Acadian Hardwood Forest,685.000000000000000,Pine-Hemlock-Hardwood Forest,Forest Height 25 to 50 meters,Tree Cover >= 40 and < 50%
,188,27,3284,101,121,Laurentian-Acadian Herbaceous Wetlands,675.000000000000000,Inland Marshes and Prairies,Herb Height 0 to 0.5 meters,Herb Cover >= 10 and < 20%
,189,45,3284,101,123,Laurentian-Acadian Herbaceous Wetlands,675.000000000000000,Inland Marshes and Prairies,Herb Height 0 to 0.5 meters,Herb Cover >= 30 and < 40%
,190,47,3278,101,124,Boreal Acidic Peatland Herbaceous,683.000000000000000,Peatland Forests,Herb Height 0 to 0.5 meters,Herb Cover >= 40 and < 50%
,191,105,3278,102,125,Boreal Acidic Peatland Herbaceous,683.000000000000000,Peatland Forests,Herb Height 0.5 to 1.0 meters,Herb Cover >= 50 and < 60%
,192,1560,3285,107,111,Laurentian-Acadian Shrub Wetlands,675.000000000000000,Inland Marshes and Prairies,Shrub Height > 3.0 meters,Shrub Cover >= 10 and < 20%
,193,2198,3278,101,126,Boreal Acidic Peatland Herbaceous,683.000000000000000,Peatland Forests,Herb Height 0 to 0.5 meters,Herb Cover >= 60 and < 70%
,194,887,3278,101,121,Boreal Acidic Peatland Herbaceous,683.000000000000000,Peatland Forests,Herb Height 0 to 0.5 meters,Herb Cover >= 10 and < 20%
,195,87,3278,102,124,Boreal Acidic Peatland Herbaceous,683.000000000000000,Peatland Forests,Herb Height 0.5 to 1.0 meters,Herb Cover >= 40 and < 50%
,196,20,3278,101,125,Boreal Acidic Peatland Herbaceous,683.000000000000000,Peatland Forests,Herb Height 0 to 0.5 meters,Herb Cover >= 50 and < 60%
,197,3162,3278,102,126,Boreal Acidic Peatland Herbaceous,683.000000000000000,Peatland Forests,Herb Height 0.5 to 1.0 meters,Herb Cover >= 60 and < 70%
,198,4,3271,101,126,Eastern Boreal Floodplain Herbaceous,676.000000000000000,Jack Pine Forest,Herb Height 0 to 0.5 meters,Herb Cover >= 60 and < 70%
,199,209,3302,111,106,Laurentian-Acadian Northern Hardwoods Forest,682.000000000000000,Yellow Birch-Sugar Maple Forest,Forest Height 25 to 50 meters,Tree Cover >= 60 and < 70%
,200,3,3444,111,108,Eastern Boreal Floodplain Woodland,676.000000000000000,Jack Pine Forest,Forest Height 25 to 50 meters,Tree Cover >= 80 and < 90%
,201,23,3930,109,102,Eastern Cool Temperate Developed Ruderal Deciduous Forest,13.000000000000000,Developed-Upland Deciduous Forest,Forest Height 5 to 10 meters,Tree Cover >= 20 and < 30%
,202,85,3302,111,104,Laurentian-Acadian Northern Hardwoods Forest,682.000000000000000,Yellow Birch-Sugar Maple Forest,Forest Height 25 to 50 meters,Tree Cover >= 40 and < 50%
,203,1,3241,109,109,Laurentian-Acadian Pine-Hemlock-Hardwood Forest,685.000000000000000,Pine-Hemlock-Hardwood Forest,Forest Height 5 to 10 meters,Tree Cover >= 90 and <= 100%
,204,8,3932,110,106,Eastern Cool Temperate Developed Ruderal Mixed Forest,15.000000000000000,Developed-Upland Mixed Forest,Forest Height 10 to 25 meters,Tree Cover >= 60 and < 70%
,205,43,3444,110,104,Eastern Boreal Floodplain Woodland,676.000000000000000,Jack Pine Forest,Forest Height 10 to 25 meters,Tree Cover >= 40 and < 50%
,206,6,3241,109,106,Laurentian-Acadian Pine-Hemlock-Hardwood Forest,685.000000000000000,Pine-Hemlock-Hardwood Forest,Forest Height 5 to 10 meters,Tree Cover >= 60 and < 70%
,207,21,3477,109,107,Boreal Acidic Peatland Forest,683.000000000000000,Peatland Forests,Forest Height 5 to 10 meters,Tree Cover >= 70 and < 80%
,208,4,3931,110,107,Eastern Cool Temperate Developed Ruderal Evergreen Forest,14.000000000000000,Developed-Upland Evergreen Forest,Forest Height 10 to 25 meters,Tree Cover >= 70 and < 80%
,209,265,3477,110,109,Boreal Acidic Peatland Forest,683.000000000000000,Peatland Forests,Forest Height 10 to 25 meters,Tree Cover >= 90 and <= 100%
,210,3,3241,111,109,Laurentian-Acadian Pine-Hemlock-Hardwood Forest,685.000000000000000,Pine-Hemlock-Hardwood Forest,Forest Height 25 to 50 meters,Tree Cover >= 90 and <= 100%
,211,3,3932,109,103,Eastern Cool Temperate Developed Ruderal Mixed Forest,15.000000000000000,Developed-Upland Mixed Forest,Forest Height 5 to 10 meters,Tree Cover >= 30 and < 40%
,212,19,3302,109,109,Laurentian-Acadian Northern Hardwoods Forest,682.000000000000000,Yellow Birch-Sugar Maple Forest,Forest Height 5 to 10 meters,Tree Cover >= 90 and <= 100%
,213,37,3240,109,106,Laurentian-Acadian Hardwood Forest,685.000000000000000,Pine-Hemlock-Hardwood Forest,Forest Height 5 to 10 meters,Tree Cover >= 60 and < 70%
,214,43,3239,110,103,Laurentian-Acadian Northern Pine-Oak Forest,665.000000000000000,Red Pine-White Pine Forest and Woodland,Forest Height 10 to 25 meters,Tree Cover >= 30 and < 40%
,215,78,3240,109,104,Laurentian-Acadian Hardwood Forest,685.000000000000000,Pine-Hemlock-Hardwood Forest,Forest Height 5 to 10 meters,Tree Cover >= 40 and < 50%
,216,18,3934,101,126,Eastern Cool Temperate Developed Ruderal Grassland,16.000000000000000,Developed-Upland Herbaceous,Herb Height 0 to 0.5 meters,Herb Cover >= 60 and < 70%
,217,76,3302,108,105,Laurentian-Acadian Northern Hardwoods Forest,682.000000000000000,Yellow Birch-Sugar Maple Forest,Forest Height 0 to 5 meters,Tree Cover >= 50 and < 60%
,218,634,3302,109,104,Laurentian-Acadian Northern Hardwoods Forest,682.000000000000000,Yellow Birch-Sugar Maple Forest,Forest Height 5 to 10 meters,Tree Cover >= 40 and < 50%
,219,685,3191,102,123,Recently Logged-Herb and Grass Cover,710.000000000000000,Transitional Herbacous Vegetation,Herb Height 0.5 to 1.0 meters,Herb Cover >= 30 and < 40%
,220,145,3239,110,108,Laurentian-Acadian Northern Pine-Oak Forest,665.000000000000000,Red Pine-White Pine Forest and Woodland,Forest Height 10 to 25 meters,Tree Cover >= 80 and < 90%
,221,174,3301,110,102,Boreal Aspen-Birch Forest,652.000000000000000,Aspen-Birch Forest,Forest Height 10 to 25 meters,Tree Cover >= 20 and < 30%
,222,4,3930,109,108,Eastern Cool Temperate Developed Ruderal Deciduous Forest,13.000000000000000,Developed-Upland Deciduous Forest,Forest Height 5 to 10 meters,Tree Cover >= 80 and < 90%
,223,16,3932,109,101,Eastern Cool Temperate Developed Ruderal Mixed Forest,15.000000000000000,Developed-Upland Mixed Forest,Forest Height 5 to 10 meters,Tree Cover >= 10 and < 20%
,224,19,3366,109,104,Laurentian-Acadian Pine-Hemlock Forest,685.000000000000000,Pine-Hemlock-Hardwood Forest,Forest Height 5 to 10 meters,Tree Cover >= 40 and < 50%
,225,1,3932,109,107,Eastern Cool Temperate Developed Ruderal Mixed Forest,15.000000000000000,Developed-Upland Mixed Forest,Forest Height 5 to 10 meters,Tree Cover >= 70 and < 80%
,226,91,3239,110,104,Laurentian-Acadian Northern Pine-Oak Forest,665.000000000000000,Red Pine-White Pine Forest and Woodland,Forest Height 10 to 25 meters,Tree Cover >= 40 and < 50%
,227,3,3976,102,125,Eastern Cool Temperate Fallow/Idle Cropland,66.000000000000000,Agricultural-Fallow/Idle Cropland,Herb Height 0.5 to 1.0 meters,Herb Cover >= 50 and < 60%
,228,1,3933,104,111,Eastern Cool Temperate Developed Ruderal Shrubland,17.000000000000000,Developed-Upland Shrubland,Shrub Height 0 to 0.5 meters,Shrub Cover >= 10 and < 20%
,229,11,3481,111,106,Laurentian-Acadian Alkaline Conifer-Hardwood Swamp Forest,694.000000000000000,Atlantic Swamp Forests,Forest Height 25 to 50 meters,Tree Cover >= 60 and < 70%
,230,186,3362,110,105,Laurentian-Acadian Northern Pine Forest,665.000000000000000,Red Pine-White Pine Forest and Woodland,Forest Height 10 to 25 meters,Tree Cover >= 50 and < 60%
,231,10,3242,110,109,Laurentian Oak Barrens,676.000000000000000,Jack Pine Forest,Forest Height 10 to 25 meters,Tree Cover >= 90 and <= 100%
,232,5211,3302,109,103,Laurentian-Acadian Northern Hardwoods Forest,682.000000000000000,Yellow Birch-Sugar Maple Forest,Forest Height 5 to 10 meters,Tree Cover >= 30 and < 40%
,233,617,3301,109,103,Boreal Aspen-Birch Forest,652.000000000000000,Aspen-Birch Forest,Forest Height 5 to 10 meters,Tree Cover >= 30 and < 40%
,234,567,3407,110,105,Laurentian Pine Barrens,676.000000000000000,Jack Pine Forest,Forest Height 10 to 25 meters,Tree Cover >= 50 and < 60%
,235,340,3243,110,104,Laurentian Pine-Oak Barrens,676.000000000000000,Jack Pine Forest,Forest Height 10 to 25 meters,Tree Cover >= 40 and < 50%
,236,37,3238,110,104,Laurentian-Acadian Northern Oak Forest,665.000000000000000,Red Pine-White Pine Forest and Woodland,Forest Height 10 to 25 meters,Tree Cover >= 40 and < 50%
,237,16,3279,104,112,Boreal Acidic Peatland Shrubland,683.000000000000000,Peatland Forests,Shrub Height 0 to 0.5 meters,Shrub Cover >= 20 and < 30%
,238,85,3284,102,123,Laurentian-Acadian Herbaceous Wetlands,675.000000000000000,Inland Marshes and Prairies,Herb Height 0.5 to 1.0 meters,Herb Cover >= 30 and < 40%
,239,45,3242,110,108,Laurentian Oak Barrens,676.000000000000000,Jack Pine Forest,Forest Height 10 to 25 meters,Tree Cover >= 80 and < 90%
,240,13,3930,110,105,Eastern Cool Temperate Developed Ruderal Deciduous Forest,13.000000000000000,Developed-Upland Deciduous Forest,Forest Height 10 to 25 meters,Tree Cover >= 50 and < 60%
,241,175,3242,109,102,Laurentian Oak Barrens,676.000000000000000,Jack Pine Forest,Forest Height 5 to 10 meters,Tree Cover >= 20 and < 30%
,242,3,3930,109,106,Eastern Cool Temperate Developed Ruderal Deciduous Forest,13.000000000000000,Developed-Upland Deciduous Forest,Forest Height 5 to 10 meters,Tree Cover >= 60 and < 70%
,243,71,3278,101,123,Boreal Acidic Peatland Herbaceous,683.000000000000000,Peatland Forests,Herb Height 0 to 0.5 meters,Herb Cover >= 30 and < 40%
,244,13,3481,108,103,Laurentian-Acadian Alkaline Conifer-Hardwood Swamp Forest,694.000000000000000,Atlantic Swamp Forests,Forest Height 0 to 5 meters,Tree Cover >= 30 and < 40%
,245,3,3481,111,109,Laurentian-Acadian Alkaline Conifer-Hardwood Swamp Forest,694.000000000000000,Atlantic Swamp Forests,Forest Height 25 to 50 meters,Tree Cover >= 90 and <= 100%
,246,597,3365,110,103,Boreal White Spruce-Fir Forest,693.000000000000000,Spruce-Fir-Hardwood Forest,Forest Height 10 to 25 meters,Tree Cover >= 30 and < 40%
,247,8,3285,107,113,Laurentian-Acadian Shrub Wetlands,675.000000000000000,Inland Marshes and Prairies,Shrub Height > 3.0 meters,Shrub Cover >= 30 and < 40%
,248,171,3278,101,122,Boreal Acidic Peatland Herbaceous,683.000000000000000,Peatland Forests,Herb Height 0 to 0.5 meters,Herb Cover >= 20 and < 30%
,249,294,3240,109,102,Laurentian-Acadian Hardwood Forest,685.000000000000000,Pine-Hemlock-Hardwood Forest,Forest Height 5 to 10 meters,Tree Cover >= 20 and < 30%
,250,3,3933,106,111,Eastern Cool Temperate Developed Ruderal Shrubland,17.000000000000000,Developed-Upland Shrubland,Shrub Height 1.0 to 3.0 meters,Shrub Cover >= 10 and < 20%
,251,353,3240,109,101,Laurentian-Acadian Hardwood Forest,685.000000000000000,Pine-Hemlock-Hardwood Forest,Forest Height 5 to 10 meters,Tree Cover >= 10 and < 20%
,252,31,3191,102,121,Recently Logged-Herb and Grass Cover,710.000000000000000,Transitional Herbacous Vegetation,Herb Height 0.5 to 1.0 meters,Herb Cover >= 10 and < 20%
,253,6,3285,107,114,Laurentian-Acadian Shrub Wetlands,675.000000000000000,Inland Marshes and Prairies,Shrub Height > 3.0 meters,Shrub Cover >= 40 and < 50%
,254,40,3281,106,111,Laurentian-Acadian Alkaline Conifer-Hardwood Swamp Shrubland,694.000000000000000,Atlantic Swamp Forests,Shrub Height 1.0 to 3.0 meters,Shrub Cover >= 10 and < 20%
,255,47,3975,65,65,Eastern Cool Temperate Close Grown Crop,65.000000000000000,Agricultural-Close Grown Crop,NASS-Close Grown Crop,NASS-Close Grown Crop
,256,3,3976,102,124,Eastern Cool Temperate Fallow/Idle Cropland,66.000000000000000,Agricultural-Fallow/Idle Cropland,Herb Height 0.5 to 1.0 meters,Herb Cover >= 40 and < 50%
,257,213,3281,104,115,Laurentian-Acadian Alkaline Conifer-Hardwood Swamp Shrubland,694.000000000000000,Atlantic Swamp Forests,Shrub Height 0 to 0.5 meters,Shrub Cover >= 50 and < 60%
,258,1,3933,106,112,Eastern Cool Temperate Developed Ruderal Shrubland,17.000000000000000,Developed-Upland Shrubland,Shrub Height 1.0 to 3.0 meters,Shrub Cover >= 20 and < 30%
,259,278,3243,110,103,Laurentian Pine-Oak Barrens,676.000000000000000,Jack Pine Forest,Forest Height 10 to 25 meters,Tree Cover >= 30 and < 40%
,260,206,3242,110,102,Laurentian Oak Barrens,676.000000000000000,Jack Pine Forest,Forest Height 10 to 25 meters,Tree Cover >= 20 and < 30%
,261,2871,3365,108,103,Boreal White Spruce-Fir Forest,693.000000000000000,Spruce-Fir-Hardwood Forest,Forest Height 0 to 5 meters,Tree Cover >= 30 and < 40%
,262,738,3344,110,104,Boreal Jack Pine-Black Spruce Forest,676.000000000000000,Jack Pine Forest,Forest Height 10 to 25 meters,Tree Cover >= 40 and < 50%
,263,6997,3296,22,22,Developed-Low Intensity,22.000000000000000,Developed-Low Intensity,Developed - Low Intensity,Developed - Low Intensity
,264,294,3242,110,103,Laurentian Oak Barrens,676.000000000000000,Jack Pine Forest,Forest Height 10 to 25 meters,Tree Cover >= 30 and < 40%
,265,5,3471,110,107,Central Interior and Appalachian Floodplain Forest,666.000000000000000,Eastern Floodplain Forests,Forest Height 10 to 25 meters,Tree Cover >= 70 and < 80%
,266,166,3242,110,105,Laurentian Oak Barrens,676.000000000000000,Jack Pine Forest,Forest Height 10 to 25 meters,Tree Cover >= 50 and < 60%
,267,5,3471,110,108,Central Interior and Appalachian Floodplain Forest,666.000000000000000,Eastern Floodplain Forests,Forest Height 10 to 25 meters,Tree Cover >= 80 and < 90%
,268,22,3301,108,103,Boreal Aspen-Birch Forest,652.000000000000000,Aspen-Birch Forest,Forest Height 0 to 5 meters,Tree Cover >= 30 and < 40%
,269,52,3243,110,106,Laurentian Pine-Oak Barrens,676.000000000000000,Jack Pine Forest,Forest Height 10 to 25 meters,Tree Cover >= 60 and < 70%
,270,145,3407,110,103,Laurentian Pine Barrens,676.000000000000000,Jack Pine Forest,Forest Height 10 to 25 meters,Tree Cover >= 30 and < 40%
,271,13,3285,104,111,Laurentian-Acadian Shrub Wetlands,675.000000000000000,Inland Marshes and Prairies,Shrub Height 0 to 0.5 meters,Shrub Cover >= 10 and < 20%
,272,44,3481,109,104,Laurentian-Acadian Alkaline Conifer-Hardwood Swamp Forest,694.000000000000000,Atlantic Swamp Forests,Forest Height 5 to 10 meters,Tree Cover >= 40 and < 50%
,273,351,3242,110,104,Laurentian Oak Barrens,676.000000000000000,Jack Pine Forest,Forest Height 10 to 25 meters,Tree Cover >= 40 and < 50%
,274,188,3365,110,102,Boreal White Spruce-Fir Forest,693.000000000000000,Spruce-Fir-Hardwood Forest,Forest Height 10 to 25 meters,Tree Cover >= 20 and < 30%
,275,483,3245,110,103,Boreal White Spruce-Fir-Hardwood Forest,693.000000000000000,Spruce-Fir-Hardwood Forest,Forest Height 10 to 25 meters,Tree Cover >= 30 and < 40%
,276,5,3240,108,105,Laurentian-Acadian Hardwood Forest,685.000000000000000,Pine-Hemlock-Hardwood Forest,Forest Height 0 to 5 meters,Tree Cover >= 50 and < 60%
,277,57,3242,110,106,Laurentian Oak Barrens,676.000000000000000,Jack Pine Forest,Forest Height 10 to 25 meters,Tree Cover >= 60 and < 70%
,278,14,3444,109,102,Eastern Boreal Floodplain Woodland,676.000000000000000,Jack Pine Forest,Forest Height 5 to 10 meters,Tree Cover >= 20 and < 30%
,279,5,3930,108,102,Eastern Cool Temperate Developed Ruderal Deciduous Forest,13.000000000000000,Developed-Upland Deciduous Forest,Forest Height 0 to 5 meters,Tree Cover >= 20 and < 30%
,280,541,3499,100,100,Laurentian-Acadian Sparsely Vegetated Systems,700.000000000000000,Sparse Vegetation,Sparse Vegetation Height,Sparse Vegetation Canopy
,281,228,3494,110,105,Laurentian-Acadian Forested Wetlands,675.000000000000000,Inland Marshes and Prairies,Forest Height 10 to 25 meters,Tree Cover >= 50 and < 60%
,282,143,3244,110,103,Boreal Hardwood Forest,693.000000000000000,Spruce-Fir-Hardwood Forest,Forest Height 10 to 25 meters,Tree Cover >= 30 and < 40%
,283,60,3494,110,107,Laurentian-Acadian Forested Wetlands,675.000000000000000,Inland Marshes and Prairies,Forest Height 10 to 25 meters,Tree Cover >= 70 and < 80%
,284,22,3934,101,122,Eastern Cool Temperate Developed Ruderal Grassland,16.000000000000000,Developed-Upland Herbaceous,Herb Height 0 to 0.5 meters,Herb Cover >= 20 and < 30%
,285,8,3930,109,104,Eastern Cool Temperate Developed Ruderal Deciduous Forest,13.000000000000000,Developed-Upland Deciduous Forest,Forest Height 5 to 10 meters,Tree Cover >= 40 and < 50%
,286,175,3494,110,106,Laurentian-Acadian Forested Wetlands,675.000000000000000,Inland Marshes and Prairies,Forest Height 10 to 25 meters,Tree Cover >= 60 and < 70%
,287,125,3407,110,106,Laurentian Pine Barrens,676.000000000000000,Jack Pine Forest,Forest Height 10 to 25 meters,Tree Cover >= 60 and < 70%
,288,9,3494,110,108,Laurentian-Acadian Forested Wetlands,675.000000000000000,Inland Marshes and Prairies,Forest Height 10 to 25 meters,Tree Cover >= 80 and < 90%
,289,18,3272,107,113,Eastern Boreal Floodplain Shrubland,676.000000000000000,Jack Pine Forest,Shrub Height > 3.0 meters,Shrub Cover >= 30 and < 40%
,290,478,3279,104,115,Boreal Acidic Peatland Shrubland,683.000000000000000,Peatland Forests,Shrub Height 0 to 0.5 meters,Shrub Cover >= 50 and < 60%
,291,10,3475,110,104,Laurentian-Acadian Floodplain Forest,666.000000000000000,Eastern Floodplain Forests,Forest Height 10 to 25 meters,Tree Cover >= 40 and < 50%
,292,5,3932,109,102,Eastern Cool Temperate Developed Ruderal Mixed Forest,15.000000000000000,Developed-Upland Mixed Forest,Forest Height 5 to 10 meters,Tree Cover >= 20 and < 30%
,293,185,3243,109,102,Laurentian Pine-Oak Barrens,676.000000000000000,Jack Pine Forest,Forest Height 5 to 10 meters,Tree Cover >= 20 and < 30%
,294,4,3444,109,107,Eastern Boreal Floodplain Woodland,676.000000000000000,Jack Pine Forest,Forest Height 5 to 10 meters,Tree Cover >= 70 and < 80%
,295,111,3475,110,107,Laurentian-Acadian Floodplain Forest,666.000000000000000,Eastern Floodplain Forests,Forest Height 10 to 25 meters,Tree Cover >= 70 and < 80%
,296,373,3475,110,106,Laurentian-Acadian Floodplain Forest,666.000000000000000,Eastern Floodplain Forests,Forest Height 10 to 25 meters,Tree Cover >= 60 and < 70%
,297,7,3930,110,109,Eastern Cool Temperate Developed Ruderal Deciduous Forest,13.000000000000000,Developed-Upland Deciduous Forest,Forest Height 10 to 25 meters,Tree Cover >= 90 and <= 100%
,298,1094,3245,110,104,Boreal White Spruce-Fir-Hardwood Forest,693.000000000000000,Spruce-Fir-Hardwood Forest,Forest Height 10 to 25 meters,Tree Cover >= 40 and < 50%
,299,16,3271,102,124,Eastern Boreal Floodplain Herbaceous,676.000000000000000,Jack Pine Forest,Herb Height 0.5 to 1.0 meters,Herb Cover >= 40 and < 50%
,300,451,3244,110,104,Boreal Hardwood Forest,693.000000000000000,Spruce-Fir-Hardwood Forest,Forest Height 10 to 25 meters,Tree Cover >= 40 and < 50%
,301,2,3930,109,105,Eastern Cool Temperate Developed Ruderal Deciduous Forest,13.000000000000000,Developed-Upland Deciduous Forest,Forest Height 5 to 10 meters,Tree Cover >= 50 and < 60%
,302,5,3933,107,114,Eastern Cool Temperate Developed Ruderal Shrubland,17.000000000000000,Developed-Upland Shrubland,Shrub Height > 3.0 meters,Shrub Cover >= 40 and < 50%
,303,17,3281,104,112,Laurentian-Acadian Alkaline Conifer-Hardwood Swamp Shrubland,694.000000000000000,Atlantic Swamp Forests,Shrub Height 0 to 0.5 meters,Shrub Cover >= 20 and < 30%
,304,3,3930,109,107,Eastern Cool Temperate Developed Ruderal Deciduous Forest,13.000000000000000,Developed-Upland Deciduous Forest,Forest Height 5 to 10 meters,Tree Cover >= 70 and < 80%
,305,388,3344,110,103,Boreal Jack Pine-Black Spruce Forest,676.000000000000000,Jack Pine Forest,Forest Height 10 to 25 meters,Tree Cover >= 30 and < 40%
,306,4,3269,107,114,Laurentian Shrubland Barrens,676.000000000000000,Jack Pine Forest,Shrub Height > 3.0 meters,Shrub Cover >= 40 and < 50%
,307,1,3366,111,108,Laurentian-Acadian Pine-Hemlock Forest,685.000000000000000,Pine-Hemlock-Hardwood Forest,Forest Height 25 to 50 meters,Tree Cover >= 80 and < 90%
,308,11,3444,109,103,Eastern Boreal Floodplain Woodland,676.000000000000000,Jack Pine Forest,Forest Height 5 to 10 meters,Tree Cover >= 30 and < 40%
,309,11,3977,101,121,Eastern Cool Temperate Pasture and Hayland,67.000000000000000,Agricultural-Pasture and Hayland,Herb Height 0 to 0.5 meters,Herb Cover >= 10 and < 20%
,310,19,3930,109,103,Eastern Cool Temperate Developed Ruderal Deciduous Forest,13.000000000000000,Developed-Upland Deciduous Forest,Forest Height 5 to 10 meters,Tree Cover >= 30 and < 40%
,311,10,3272,107,114,Eastern Boreal Floodplain Shrubland,676.000000000000000,Jack Pine Forest,Shrub Height > 3.0 meters,Shrub Cover >= 40 and < 50%
,312,50,3243,110,107,Laurentian Pine-Oak Barrens,676.000000000000000,Jack Pine Forest,Forest Height 10 to 25 meters,Tree Cover >= 70 and < 80%
,313,13,3243,110,108,Laurentian Pine-Oak Barrens,676.000000000000000,Jack Pine Forest,Forest Height 10 to 25 meters,Tree Cover >= 80 and < 90%
,314,128,3243,110,102,Laurentian Pine-Oak Barrens,676.000000000000000,Jack Pine Forest,Forest Height 10 to 25 meters,Tree Cover >= 20 and < 30%
,315,79,3407,110,107,Laurentian Pine Barrens,676.000000000000000,Jack Pine Forest,Forest Height 10 to 25 meters,Tree Cover >= 70 and < 80%
,316,189,3245,109,102,Boreal White Spruce-Fir-Hardwood Forest,693.000000000000000,Spruce-Fir-Hardwood Forest,Forest Height 5 to 10 meters,Tree Cover >= 20 and < 30%
,317,254,3243,110,105,Laurentian Pine-Oak Barrens,676.000000000000000,Jack Pine Forest,Forest Height 10 to 25 meters,Tree Cover >= 50 and < 60%
,318,875,3244,110,105,Boreal Hardwood Forest,693.000000000000000,Spruce-Fir-Hardwood Forest,Forest Height 10 to 25 meters,Tree Cover >= 50 and < 60%
,319,7,3407,110,108,Laurentian Pine Barrens,676.000000000000000,Jack Pine Forest,Forest Height 10 to 25 meters,Tree Cover >= 80 and < 90%
,320,14,3344,110,109,Boreal Jack Pine-Black Spruce Forest,676.000000000000000,Jack Pine Forest,Forest Height 10 to 25 meters,Tree Cover >= 90 and <= 100%
,321,6,3279,105,113,Boreal Acidic Peatland Shrubland,683.000000000000000,Peatland Forests,Shrub Height 0.5 to 1.0 meter,Shrub Cover >= 30 and < 40%
,322,34,3934,101,123,Eastern Cool Temperate Developed Ruderal Grassland,16.000000000000000,Developed-Upland Herbaceous,Herb Height 0 to 0.5 meters,Herb Cover >= 30 and < 40%
,323,238,3407,110,104,Laurentian Pine Barrens,676.000000000000000,Jack Pine Forest,Forest Height 10 to 25 meters,Tree Cover >= 40 and < 50%
,324,70,3244,109,103,Boreal Hardwood Forest,693.000000000000000,Spruce-Fir-Hardwood Forest,Forest Height 5 to 10 meters,Tree Cover >= 30 and < 40%
,325,464,3301,109,102,Boreal Aspen-Birch Forest,652.000000000000000,Aspen-Birch Forest,Forest Height 5 to 10 meters,Tree Cover >= 20 and < 30%
,326,2208,3245,110,105,Boreal White Spruce-Fir-Hardwood Forest,693.000000000000000,Spruce-Fir-Hardwood Forest,Forest Height 10 to 25 meters,Tree Cover >= 50 and < 60%
,327,505,3365,109,103,Boreal White Spruce-Fir Forest,693.000000000000000,Spruce-Fir-Hardwood Forest,Forest Height 5 to 10 meters,Tree Cover >= 30 and < 40%
,328,5,3366,108,105,Laurentian-Acadian Pine-Hemlock Forest,685.000000000000000,Pine-Hemlock-Hardwood Forest,Forest Height 0 to 5 meters,Tree Cover >= 50 and < 60%
,329,19,3191,101,123,Recently Logged-Herb and Grass Cover,710.000000000000000,Transitional Herbacous Vegetation,Herb Height 0 to 0.5 meters,Herb Cover >= 30 and < 40%
,330,106,3477,109,105,Boreal Acidic Peatland Forest,683.000000000000000,Peatland Forests,Forest Height 5 to 10 meters,Tree Cover >= 50 and < 60%
,331,18,3238,110,103,Laurentian-Acadian Northern Oak Forest,665.000000000000000,Red Pine-White Pine Forest and Woodland,Forest Height 10 to 25 meters,Tree Cover >= 30 and < 40%
,332,107,3269,107,111,Laurentian Shrubland Barrens,676.000000000000000,Jack Pine Forest,Shrub Height > 3.0 meters,Shrub Cover >= 10 and < 20%
,333,3476,3477,110,102,Boreal Acidic Peatland Forest,683.000000000000000,Peatland Forests,Forest Height 10 to 25 meters,Tree Cover >= 20 and < 30%
,334,5,3344,109,105,Boreal Jack Pine-Black Spruce Forest,676.000000000000000,Jack Pine Forest,Forest Height 5 to 10 meters,Tree Cover >= 50 and < 60%
,335,469,3344,110,102,Boreal Jack Pine-Black Spruce Forest,676.000000000000000,Jack Pine Forest,Forest Height 10 to 25 meters,Tree Cover >= 20 and < 30%
,336,7,3932,108,101,Eastern Cool Temperate Developed Ruderal Mixed Forest,15.000000000000000,Developed-Upland Mixed Forest,Forest Height 0 to 5 meters,Tree Cover >= 10 and < 20%
,337,2474,3302,109,101,Laurentian-Acadian Northern Hardwoods Forest,682.000000000000000,Yellow Birch-Sugar Maple Forest,Forest Height 5 to 10 meters,Tree Cover >= 10 and < 20%
,338,7,3932,110,101,Eastern Cool Temperate Developed Ruderal Mixed Forest,15.000000000000000,Developed-Upland Mixed Forest,Forest Height 10 to 25 meters,Tree Cover >= 10 and < 20%
,339,1,3301,109,109,Boreal Aspen-Birch Forest,652.000000000000000,Aspen-Birch Forest,Forest Height 5 to 10 meters,Tree Cover >= 90 and <= 100%
,340,3169,3298,24,24,Developed-High Intensity,24.000000000000000,Developed-High Intensity,Developed - High Intensity,Developed - High Intensity
,341,1,3494,108,106,Laurentian-Acadian Forested Wetlands,675.000000000000000,Inland Marshes and Prairies,Forest Height 0 to 5 meters,Tree Cover >= 60 and < 70%
,342,32,3494,110,102,Laurentian-Acadian Forested Wetlands,675.000000000000000,Inland Marshes and Prairies,Forest Height 10 to 25 meters,Tree Cover >= 20 and < 30%
,343,8,3494,108,102,Laurentian-Acadian Forested Wetlands,675.000000000000000,Inland Marshes and Prairies,Forest Height 0 to 5 meters,Tree Cover >= 20 and < 30%
,344,25,3244,110,109,Boreal Hardwood Forest,693.000000000000000,Spruce-Fir-Hardwood Forest,Forest Height 10 to 25 meters,Tree Cover >= 90 and <= 100%
,345,1515,3365,110,104,Boreal White Spruce-Fir Forest,693.000000000000000,Spruce-Fir-Hardwood Forest,Forest Height 10 to 25 meters,Tree Cover >= 40 and < 50%
,346,396,3477,109,101,Boreal Acidic Peatland Forest,683.000000000000000,Peatland Forests,Forest Height 5 to 10 meters,Tree Cover >= 10 and < 20%
,347,162,3494,110,104,Laurentian-Acadian Forested Wetlands,675.000000000000000,Inland Marshes and Prairies,Forest Height 10 to 25 meters,Tree Cover >= 40 and < 50%
,348,18,3494,109,104,Laurentian-Acadian Forested Wetlands,675.000000000000000,Inland Marshes and Prairies,Forest Height 5 to 10 meters,Tree Cover >= 40 and < 50%
,349,1,3494,109,105,Laurentian-Acadian Forested Wetlands,675.000000000000000,Inland Marshes and Prairies,Forest Height 5 to 10 meters,Tree Cover >= 50 and < 60%
,350,418,3240,109,103,Laurentian-Acadian Hardwood Forest,685.000000000000000,Pine-Hemlock-Hardwood Forest,Forest Height 5 to 10 meters,Tree Cover >= 30 and < 40%
,351,1,3494,110,109,Laurentian-Acadian Forested Wetlands,675.000000000000000,Inland Marshes and Prairies,Forest Height 10 to 25 meters,Tree Cover >= 90 and <= 100%
,352,287,3241,109,103,Laurentian-Acadian Pine-Hemlock-Hardwood Forest,685.000000000000000,Pine-Hemlock-Hardwood Forest,Forest Height 5 to 10 meters,Tree Cover >= 30 and < 40%
,353,5,3279,106,111,Boreal Acidic Peatland Shrubland,683.000000000000000,Peatland Forests,Shrub Height 1.0 to 3.0 meters,Shrub Cover >= 10 and < 20%
,354,13,3191,101,121,Recently Logged-Herb and Grass Cover,710.000000000000000,Transitional Herbacous Vegetation,Herb Height 0 to 0.5 meters,Herb Cover >= 10 and < 20%
,355,16,3191,102,122,Recently Logged-Herb and Grass Cover,710.000000000000000,Transitional Herbacous Vegetation,Herb Height 0.5 to 1.0 meters,Herb Cover >= 20 and < 30%
,356,423,3365,109,102,Boreal White Spruce-Fir Forest,693.000000000000000,Spruce-Fir-Hardwood Forest,Forest Height 5 to 10 meters,Tree Cover >= 20 and < 30%
,357,2,3933,107,112,Eastern Cool Temperate Developed Ruderal Shrubland,17.000000000000000,Developed-Upland Shrubland,Shrub Height > 3.0 meters,Shrub Cover >= 20 and < 30%
,358,1,3238,110,109,Laurentian-Acadian Northern Oak Forest,665.000000000000000,Red Pine-White Pine Forest and Woodland,Forest Height 10 to 25 meters,Tree Cover >= 90 and <= 100%
,359,115,3241,111,107,Laurentian-Acadian Pine-Hemlock-Hardwood Forest,685.000000000000000,Pine-Hemlock-Hardwood Forest,Forest Height 25 to 50 meters,Tree Cover >= 70 and < 80%
,360,4,3494,109,107,Laurentian-Acadian Forested Wetlands,675.000000000000000,Inland Marshes and Prairies,Forest Height 5 to 10 meters,Tree Cover >= 70 and < 80%
,361,2,3494,109,106,Laurentian-Acadian Forested Wetlands,675.000000000000000,Inland Marshes and Prairies,Forest Height 5 to 10 meters,Tree Cover >= 60 and < 70%
,362,268,3239,110,105,Laurentian-Acadian Northern Pine-Oak Forest,665.000000000000000,Red Pine-White Pine Forest and Woodland,Forest Height 10 to 25 meters,Tree Cover >= 50 and < 60%
,363,198,3241,109,102,Laurentian-Acadian Pine-Hemlock-Hardwood Forest,685.000000000000000,Pine-Hemlock-Hardwood Forest,Forest Height 5 to 10 meters,Tree Cover >= 20 and < 30%
,364,7,3242,109,103,Laurentian Oak Barrens,676.000000000000000,Jack Pine Forest,Forest Height 5 to 10 meters,Tree Cover >= 30 and < 40%
,365,60,3362,110,104,Laurentian-Acadian Northern Pine Forest,665.000000000000000,Red Pine-White Pine Forest and Woodland,Forest Height 10 to 25 meters,Tree Cover >= 40 and < 50%
,366,2,3243,110,109,Laurentian Pine-Oak Barrens,676.000000000000000,Jack Pine Forest,Forest Height 10 to 25 meters,Tree Cover >= 90 and <= 100%
,367,63,3238,110,105,Laurentian-Acadian Northern Oak Forest,665.000000000000000,Red Pine-White Pine Forest and Woodland,Forest Height 10 to 25 meters,Tree Cover >= 50 and < 60%
,368,1,3238,109,102,Laurentian-Acadian Northern Oak Forest,665.000000000000000,Red Pine-White Pine Forest and Woodland,Forest Height 5 to 10 meters,Tree Cover >= 20 and < 30%
,369,56,3244,109,102,Boreal Hardwood Forest,693.000000000000000,Spruce-Fir-Hardwood Forest,Forest Height 5 to 10 meters,Tree Cover >= 20 and < 30%
,370,2108,3534,110,105,Managed Tree Plantation-Northern and Central Hardwood and Conifer Plantation Group,731.000000000000000,Managed Tree Plantation,Forest Height 10 to 25 meters,Tree Cover >= 50 and < 60%
,371,22757,3534,110,106,Managed Tree Plantation-Northern and Central Hardwood and Conifer Plantation Group,731.000000000000000,Managed Tree Plantation,Forest Height 10 to 25 meters,Tree Cover >= 60 and < 70%
,372,2,3977,101,122,Eastern Cool Temperate Pasture and Hayland,67.000000000000000,Agricultural-Pasture and Hayland,Herb Height 0 to 0.5 meters,Herb Cover >= 20 and < 30%
,373,37,3481,111,108,Laurentian-Acadian Alkaline Conifer-Hardwood Swamp Forest,694.000000000000000,Atlantic Swamp Forests,Forest Height 25 to 50 meters,Tree Cover >= 80 and < 90%
,374,120,3366,108,103,Laurentian-Acadian Pine-Hemlock Forest,685.000000000000000,Pine-Hemlock-Hardwood Forest,Forest Height 0 to 5 meters,Tree Cover >= 30 and < 40%
,375,77,3477,109,102,Boreal Acidic Peatland Forest,683.000000000000000,Peatland Forests,Forest Height 5 to 10 meters,Tree Cover >= 20 and < 30%
,376,2567,3191,101,125,Recently Logged-Herb and Grass Cover,710.000000000000000,Transitional Herbacous Vegetation,Herb Height 0 to 0.5 meters,Herb Cover >= 50 and < 60%
,377,25,3302,110,101,Laurentian-Acadian Northern Hardwoods Forest,682.000000000000000,Yellow Birch-Sugar Maple Forest,Forest Height 10 to 25 meters,Tree Cover >= 10 and < 20%
,378,1765,3534,110,104,Managed Tree Plantation-Northern and Central Hardwood and Conifer Plantation Group,731.000000000000000,Managed Tree Plantation,Forest Height 10 to 25 meters,Tree Cover >= 40 and < 50%
,379,141,3245,110,102,Boreal White Spruce-Fir-Hardwood Forest,693.000000000000000,Spruce-Fir-Hardwood Forest,Forest Height 10 to 25 meters,Tree Cover >= 20 and < 30%
,380,19,3279,107,112,Boreal Acidic Peatland Shrubland,683.000000000000000,Peatland Forests,Shrub Height > 3.0 meters,Shrub Cover >= 20 and < 30%
,381,48,3244,110,102,Boreal Hardwood Forest,693.000000000000000,Spruce-Fir-Hardwood Forest,Forest Height 10 to 25 meters,Tree Cover >= 20 and < 30%
,382,208,3534,110,108,Managed Tree Plantation-Northern and Central Hardwood and Conifer Plantation Group,731.000000000000000,Managed Tree Plantation,Forest Height 10 to 25 meters,Tree Cover >= 80 and < 90%
,383,1,3481,109,109,Laurentian-Acadian Alkaline Conifer-Hardwood Swamp Forest,694.000000000000000,Atlantic Swamp Forests,Forest Height 5 to 10 meters,Tree Cover >= 90 and <= 100%
,384,2,3930,108,104,Eastern Cool Temperate Developed Ruderal Deciduous Forest,13.000000000000000,Developed-Upland Deciduous Forest,Forest Height 0 to 5 meters,Tree Cover >= 40 and < 50%
,385,6,3301,108,105,Boreal Aspen-Birch Forest,652.000000000000000,Aspen-Birch Forest,Forest Height 0 to 5 meters,Tree Cover >= 50 and < 60%
,386,110,3366,109,103,Laurentian-Acadian Pine-Hemlock Forest,685.000000000000000,Pine-Hemlock-Hardwood Forest,Forest Height 5 to 10 meters,Tree Cover >= 30 and < 40%
,387,154,3477,109,103,Boreal Acidic Peatland Forest,683.000000000000000,Peatland Forests,Forest Height 5 to 10 meters,Tree Cover >= 30 and < 40%
,388,157,3481,110,103,Laurentian-Acadian Alkaline Conifer-Hardwood Swamp Forest,694.000000000000000,Atlantic Swamp Forests,Forest Height 10 to 25 meters,Tree Cover >= 30 and < 40%
,389,10882,3344,108,103,Boreal Jack Pine-Black Spruce Forest,676.000000000000000,Jack Pine Forest,Forest Height 0 to 5 meters,Tree Cover >= 30 and < 40%
,390,165,3477,108,102,Boreal Acidic Peatland Forest,683.000000000000000,Peatland Forests,Forest Height 0 to 5 meters,Tree Cover >= 20 and < 30%
,391,3,3481,108,104,Laurentian-Acadian Alkaline Conifer-Hardwood Swamp Forest,694.000000000000000,Atlantic Swamp Forests,Forest Height 0 to 5 meters,Tree Cover >= 40 and < 50%
,392,161,3365,110,109,Boreal White Spruce-Fir Forest,693.000000000000000,Spruce-Fir-Hardwood Forest,Forest Height 10 to 25 meters,Tree Cover >= 90 and <= 100%
,393,22,3444,108,101,Eastern Boreal Floodplain Woodland,676.000000000000000,Jack Pine Forest,Forest Height 0 to 5 meters,Tree Cover >= 10 and < 20%
,394,1655,3534,110,103,Managed Tree Plantation-Northern and Central Hardwood and Conifer Plantation Group,731.000000000000000,Managed Tree Plantation,Forest Height 10 to 25 meters,Tree Cover >= 30 and < 40%
,395,1172,3534,110,107,Managed Tree Plantation-Northern and Central Hardwood and Conifer Plantation Group,731.000000000000000,Managed Tree Plantation,Forest Height 10 to 25 meters,Tree Cover >= 70 and < 80%
,396,1,3444,108,104,Eastern Boreal Floodplain Woodland,676.000000000000000,Jack Pine Forest,Forest Height 0 to 5 meters,Tree Cover >= 40 and < 50%
,397,370,3534,110,102,Managed Tree Plantation-Northern and Central Hardwood and Conifer Plantation Group,731.000000000000000,Managed Tree Plantation,Forest Height 10 to 25 meters,Tree Cover >= 20 and < 30%
,398,451,3534,109,104,Managed Tree Plantation-Northern and Central Hardwood and Conifer Plantation Group,731.000000000000000,Managed Tree Plantation,Forest Height 5 to 10 meters,Tree Cover >= 40 and < 50%
,399,97,3534,109,103,Managed Tree Plantation-Northern and Central Hardwood and Conifer Plantation Group,731.000000000000000,Managed Tree Plantation,Forest Height 5 to 10 meters,Tree Cover >= 30 and < 40%
,400,1181,3302,108,103,Laurentian-Acadian Northern Hardwoods Forest,682.000000000000000,Yellow Birch-Sugar Maple Forest,Forest Height 0 to 5 meters,Tree Cover >= 30 and < 40%
,401,45,3477,110,101,Boreal Acidic Peatland Forest,683.000000000000000,Peatland Forests,Forest Height 10 to 25 meters,Tree Cover >= 10 and < 20%
,402,58,3475,110,105,Laurentian-Acadian Floodplain Forest,666.000000000000000,Eastern Floodplain Forests,Forest Height 10 to 25 meters,Tree Cover >= 50 and < 60%
,403,13,3241,111,106,Laurentian-Acadian Pine-Hemlock-Hardwood Forest,685.000000000000000,Pine-Hemlock-Hardwood Forest,Forest Height 25 to 50 meters,Tree Cover >= 60 and < 70%
,404,13,3244,111,107,Boreal Hardwood Forest,693.000000000000000,Spruce-Fir-Hardwood Forest,Forest Height 25 to 50 meters,Tree Cover >= 70 and < 80%
,405,50,3277,107,111,Laurentian-Acadian Floodplain Shrubland,666.000000000000000,Eastern Floodplain Forests,Shrub Height > 3.0 meters,Shrub Cover >= 10 and < 20%
,406,24,3444,110,103,Eastern Boreal Floodplain Woodland,676.000000000000000,Jack Pine Forest,Forest Height 10 to 25 meters,Tree Cover >= 30 and < 40%
,407,1378,3534,109,102,Managed Tree Plantation-Northern and Central Hardwood and Conifer Plantation Group,731.000000000000000,Managed Tree Plantation,Forest Height 5 to 10 meters,Tree Cover >= 20 and < 30%
,408,3,3240,108,106,Laurentian-Acadian Hardwood Forest,685.000000000000000,Pine-Hemlock-Hardwood Forest,Forest Height 0 to 5 meters,Tree Cover >= 60 and < 70%
,409,83,3301,111,106,Boreal Aspen-Birch Forest,652.000000000000000,Aspen-Birch Forest,Forest Height 25 to 50 meters,Tree Cover >= 60 and < 70%
,410,2,3243,110,101,Laurentian Pine-Oak Barrens,676.000000000000000,Jack Pine Forest,Forest Height 10 to 25 meters,Tree Cover >= 10 and < 20%
,411,10,3239,110,102,Laurentian-Acadian Northern Pine-Oak Forest,665.000000000000000,Red Pine-White Pine Forest and Woodland,Forest Height 10 to 25 meters,Tree Cover >= 20 and < 30%
,412,2,3301,111,101,Boreal Aspen-Birch Forest,652.000000000000000,Aspen-Birch Forest,Forest Height 25 to 50 meters,Tree Cover >= 10 and < 20%
,413,98,3494,110,103,Laurentian-Acadian Forested Wetlands,675.000000000000000,Inland Marshes and Prairies,Forest Height 10 to 25 meters,Tree Cover >= 30 and < 40%
,414,7,3301,109,104,Boreal Aspen-Birch Forest,652.000000000000000,Aspen-Birch Forest,Forest Height 5 to 10 meters,Tree Cover >= 40 and < 50%
,415,17,3534,108,102,Managed Tree Plantation-Northern and Central Hardwood and Conifer Plantation Group,731.000000000000000,Managed Tree Plantation,Forest Height 0 to 5 meters,Tree Cover >= 20 and < 30%
,416,70,3407,109,102,Laurentian Pine Barrens,676.000000000000000,Jack Pine Forest,Forest Height 5 to 10 meters,Tree Cover >= 20 and < 30%
,417,87,3477,108,103,Boreal Acidic Peatland Forest,683.000000000000000,Peatland Forests,Forest Height 0 to 5 meters,Tree Cover >= 30 and < 40%
,418,3,3242,110,101,Laurentian Oak Barrens,676.000000000000000,Jack Pine Forest,Forest Height 10 to 25 meters,Tree Cover >= 10 and < 20%
,419,14,3281,104,113,Laurentian-Acadian Alkaline Conifer-Hardwood Swamp Shrubland,694.000000000000000,Atlantic Swamp Forests,Shrub Height 0 to 0.5 meters,Shrub Cover >= 30 and < 40%
,420,152,3477,109,104,Boreal Acidic Peatland Forest,683.000000000000000,Peatland Forests,Forest Height 5 to 10 meters,Tree Cover >= 40 and < 50%
,421,26,3934,102,126,Eastern Cool Temperate Developed Ruderal Grassland,16.000000000000000,Developed-Upland Herbaceous,Herb Height 0.5 to 1.0 meters,Herb Cover >= 60 and < 70%
,422,4,3245,111,107,Boreal White Spruce-Fir-Hardwood Forest,693.000000000000000,Spruce-Fir-Hardwood Forest,Forest Height 25 to 50 meters,Tree Cover >= 70 and < 80%
,423,70,3191,101,126,Recently Logged-Herb and Grass Cover,710.000000000000000,Transitional Herbacous Vegetation,Herb Height 0 to 0.5 meters,Herb Cover >= 60 and < 70%
,424,15,3475,110,108,Laurentian-Acadian Floodplain Forest,666.000000000000000,Eastern Floodplain Forests,Forest Height 10 to 25 meters,Tree Cover >= 80 and < 90%
,425,7,3930,108,101,Eastern Cool Temperate Developed Ruderal Deciduous Forest,13.000000000000000,Developed-Upland Deciduous Forest,Forest Height 0 to 5 meters,Tree Cover >= 10 and < 20%
,426,236,3245,109,103,Boreal White Spruce-Fir-Hardwood Forest,693.000000000000000,Spruce-Fir-Hardwood Forest,Forest Height 5 to 10 meters,Tree Cover >= 30 and < 40%
,427,1,3344,108,104,Boreal Jack Pine-Black Spruce Forest,676.000000000000000,Jack Pine Forest,Forest Height 0 to 5 meters,Tree Cover >= 40 and < 50%
,428,3,3932,110,105,Eastern Cool Temperate Developed Ruderal Mixed Forest,15.000000000000000,Developed-Upland Mixed Forest,Forest Height 10 to 25 meters,Tree Cover >= 50 and < 60%
,429,2,3976,102,126,Eastern Cool Temperate Fallow/Idle Cropland,66.000000000000000,Agricultural-Fallow/Idle Cropland,Herb Height 0.5 to 1.0 meters,Herb Cover >= 60 and < 70%
,430,3,3276,101,126,Laurentian-Acadian Floodplain Herbaceous,666.000000000000000,Eastern Floodplain Forests,Herb Height 0 to 0.5 meters,Herb Cover >= 60 and < 70%
,431,4,3276,102,126,Laurentian-Acadian Floodplain Herbaceous,666.000000000000000,Eastern Floodplain Forests,Herb Height 0.5 to 1.0 meters,Herb Cover >= 60 and < 70%
,432,5,3444,110,101,Eastern Boreal Floodplain Woodland,676.000000000000000,Jack Pine Forest,Forest Height 10 to 25 meters,Tree Cover >= 10 and < 20%
,433,28,3494,109,103,Laurentian-Acadian Forested Wetlands,675.000000000000000,Inland Marshes and Prairies,Forest Height 5 to 10 meters,Tree Cover >= 30 and < 40%
,434,1,3930,111,108,Eastern Cool Temperate Developed Ruderal Deciduous Forest,13.000000000000000,Developed-Upland Deciduous Forest,Forest Height 25 to 50 meters,Tree Cover >= 80 and < 90%
,435,8,3344,108,101,Boreal Jack Pine-Black Spruce Forest,676.000000000000000,Jack Pine Forest,Forest Height 0 to 5 meters,Tree Cover >= 10 and < 20%
,436,4,3301,108,104,Boreal Aspen-Birch Forest,652.000000000000000,Aspen-Birch Forest,Forest Height 0 to 5 meters,Tree Cover >= 40 and < 50%
,437,28,3362,110,103,Laurentian-Acadian Northern Pine Forest,665.000000000000000,Red Pine-White Pine Forest and Woodland,Forest Height 10 to 25 meters,Tree Cover >= 30 and < 40%
,438,140,3245,110,109,Boreal White Spruce-Fir-Hardwood Forest,693.000000000000000,Spruce-Fir-Hardwood Forest,Forest Height 10 to 25 meters,Tree Cover >= 90 and <= 100%
,439,3,3931,108,101,Eastern Cool Temperate Developed Ruderal Evergreen Forest,14.000000000000000,Developed-Upland Evergreen Forest,Forest Height 0 to 5 meters,Tree Cover >= 10 and < 20%
,440,20,3362,109,103,Laurentian-Acadian Northern Pine Forest,665.000000000000000,Red Pine-White Pine Forest and Woodland,Forest Height 5 to 10 meters,Tree Cover >= 30 and < 40%
,441,1,3366,111,109,Laurentian-Acadian Pine-Hemlock Forest,685.000000000000000,Pine-Hemlock-Hardwood Forest,Forest Height 25 to 50 meters,Tree Cover >= 90 and <= 100%
,442,65,3191,102,126,Recently Logged-Herb and Grass Cover,710.000000000000000,Transitional Herbacous Vegetation,Herb Height 0.5 to 1.0 meters,Herb Cover >= 60 and < 70%
,443,67,3407,110,102,Laurentian Pine Barrens,676.000000000000000,Jack Pine Forest,Forest Height 10 to 25 meters,Tree Cover >= 20 and < 30%
,444,52,3245,109,104,Boreal White Spruce-Fir-Hardwood Forest,693.000000000000000,Spruce-Fir-Hardwood Forest,Forest Height 5 to 10 meters,Tree Cover >= 40 and < 50%
,445,1,3191,101,124,Recently Logged-Herb and Grass Cover,710.000000000000000,Transitional Herbacous Vegetation,Herb Height 0 to 0.5 meters,Herb Cover >= 40 and < 50%
,446,3,3475,110,102,Laurentian-Acadian Floodplain Forest,666.000000000000000,Eastern Floodplain Forests,Forest Height 10 to 25 meters,Tree Cover >= 20 and < 30%
,447,1,3475,109,105,Laurentian-Acadian Floodplain Forest,666.000000000000000,Eastern Floodplain Forests,Forest Height 5 to 10 meters,Tree Cover >= 50 and < 60%
,448,5,3475,110,103,Laurentian-Acadian Floodplain Forest,666.000000000000000,Eastern Floodplain Forests,Forest Height 10 to 25 meters,Tree Cover >= 30 and < 40%
,449,4,3302,111,101,Laurentian-Acadian Northern Hardwoods Forest,682.000000000000000,Yellow Birch-Sugar Maple Forest,Forest Height 25 to 50 meters,Tree Cover >= 10 and < 20%
,450,2,3242,109,101,Laurentian Oak Barrens,676.000000000000000,Jack Pine Forest,Forest Height 5 to 10 meters,Tree Cover >= 10 and < 20%
,451,14,3492,101,123,Great Lakes Coastal Marsh Herbaceous,675.000000000000000,Inland Marshes and Prairies,Herb Height 0 to 0.5 meters,Herb Cover >= 30 and < 40%
,452,31,3534,110,109,Managed Tree Plantation-Northern and Central Hardwood and Conifer Plantation Group,731.000000000000000,Managed Tree Plantation,Forest Height 10 to 25 meters,Tree Cover >= 90 and <= 100%
,453,1,3344,110,101,Boreal Jack Pine-Black Spruce Forest,676.000000000000000,Jack Pine Forest,Forest Height 10 to 25 meters,Tree Cover >= 10 and < 20%
,454,6,3931,109,101,Eastern Cool Temperate Developed Ruderal Evergreen Forest,14.000000000000000,Developed-Upland Evergreen Forest,Forest Height 5 to 10 meters,Tree Cover >= 10 and < 20%
,455,3,3239,110,109,Laurentian-Acadian Northern Pine-Oak Forest,665.000000000000000,Red Pine-White Pine Forest and Woodland,Forest Height 10 to 25 meters,Tree Cover >= 90 and <= 100%
,456,7,3492,102,123,Great Lakes Coastal Marsh Herbaceous,675.000000000000000,Inland Marshes and Prairies,Herb Height 0.5 to 1.0 meters,Herb Cover >= 30 and < 40%
,457,4,3534,108,103,Managed Tree Plantation-Northern and Central Hardwood and Conifer Plantation Group,731.000000000000000,Managed Tree Plantation,Forest Height 0 to 5 meters,Tree Cover >= 30 and < 40%
,458,1,3534,108,104,Managed Tree Plantation-Northern and Central Hardwood and Conifer Plantation Group,731.000000000000000,Managed Tree Plantation,Forest Height 0 to 5 meters,Tree Cover >= 40 and < 50%
,459,7,3407,108,103,Laurentian Pine Barrens,676.000000000000000,Jack Pine Forest,Forest Height 0 to 5 meters,Tree Cover >= 30 and < 40%
,460,1,3481,111,105,Laurentian-Acadian Alkaline Conifer-Hardwood Swamp Forest,694.000000000000000,Atlantic Swamp Forests,Forest Height 25 to 50 meters,Tree Cover >= 50 and < 60%
,461,2,3477,111,105,Boreal Acidic Peatland Forest,683.000000000000000,Peatland Forests,Forest Height 25 to 50 meters,Tree Cover >= 50 and < 60%
,462,39,3477,111,108,Boreal Acidic Peatland Forest,683.000000000000000,Peatland Forests,Forest Height 25 to 50 meters,Tree Cover >= 80 and < 90%
,463,7,3974,64,64,Eastern Cool Temperate Row Crop,64.000000000000000,Agricultural-Row Crop,NASS-Row Crop,NASS-Row Crop
,464,1,3365,111,106,Boreal White Spruce-Fir Forest,693.000000000000000,Spruce-Fir-Hardwood Forest,Forest Height 25 to 50 meters,Tree Cover >= 60 and < 70%
,465,51,3477,111,107,Boreal Acidic Peatland Forest,683.000000000000000,Peatland Forests,Forest Height 25 to 50 meters,Tree Cover >= 70 and < 80%
,466,34,3978,68,68,Eastern Cool Temperate Wheat,68.000000000000000,Agricultural-Wheat,NASS-Wheat,NASS-Wheat
,467,2,3243,109,101,Laurentian Pine-Oak Barrens,676.000000000000000,Jack Pine Forest,Forest Height 5 to 10 meters,Tree Cover >= 10 and < 20%
,468,4,3244,111,108,Boreal Hardwood Forest,693.000000000000000,Spruce-Fir-Hardwood Forest,Forest Height 25 to 50 meters,Tree Cover >= 80 and < 90%
,469,2,3444,108,102,Eastern Boreal Floodplain Woodland,676.000000000000000,Jack Pine Forest,Forest Height 0 to 5 meters,Tree Cover >= 20 and < 30%
,470,3,3444,108,103,Eastern Boreal Floodplain Woodland,676.000000000000000,Jack Pine Forest,Forest Height 0 to 5 meters,Tree Cover >= 30 and < 40%
,471,13,3278,102,127,Boreal Acidic Peatland Herbaceous,683.000000000000000,Peatland Forests,Herb Height 0.5 to 1.0 meters,Herb Cover >= 70 and < 80%
,472,3,3271,102,126,Eastern Boreal Floodplain Herbaceous,676.000000000000000,Jack Pine Forest,Herb Height 0.5 to 1.0 meters,Herb Cover >= 60 and < 70%
,473,14,3477,108,104,Boreal Acidic Peatland Forest,683.000000000000000,Peatland Forests,Forest Height 0 to 5 meters,Tree Cover >= 40 and < 50%
,474,11,3494,110,101,Laurentian-Acadian Forested Wetlands,675.000000000000000,Inland Marshes and Prairies,Forest Height 10 to 25 meters,Tree Cover >= 10 and < 20%
,475,1,3494,108,104,Laurentian-Acadian Forested Wetlands,675.000000000000000,Inland Marshes and Prairies,Forest Height 0 to 5 meters,Tree Cover >= 40 and < 50%
,476,2,3301,109,101,Boreal Aspen-Birch Forest,652.000000000000000,Aspen-Birch Forest,Forest Height 5 to 10 meters,Tree Cover >= 10 and < 20%
,477,5,3362,110,109,Laurentian-Acadian Northern Pine Forest,665.000000000000000,Red Pine-White Pine Forest and Woodland,Forest Height 10 to 25 meters,Tree Cover >= 90 and <= 100%
,478,1,3366,111,104,Laurentian-Acadian Pine-Hemlock Forest,685.000000000000000,Pine-Hemlock-Hardwood Forest,Forest Height 25 to 50 meters,Tree Cover >= 40 and < 50%
,479,1,3366,111,106,Laurentian-Acadian Pine-Hemlock Forest,685.000000000000000,Pine-Hemlock-Hardwood Forest,Forest Height 25 to 50 meters,Tree Cover >= 60 and < 70%
,480,1,3244,108,103,Boreal Hardwood Forest,693.000000000000000,Spruce-Fir-Hardwood Forest,Forest Height 0 to 5 meters,Tree Cover >= 30 and < 40%
,481,6,3494,108,101,Laurentian-Acadian Forested Wetlands,675.000000000000000,Inland Marshes and Prairies,Forest Height 0 to 5 meters,Tree Cover >= 10 and < 20%
,482,5,3477,108,106,Boreal Acidic Peatland Forest,683.000000000000000,Peatland Forests,Forest Height 0 to 5 meters,Tree Cover >= 60 and < 70%
,483,1,3479,110,107,Central Interior and Appalachian Swamp Forest,694.000000000000000,Atlantic Swamp Forests,Forest Height 10 to 25 meters,Tree Cover >= 70 and < 80%
,484,1,3365,108,105,Boreal White Spruce-Fir Forest,693.000000000000000,Spruce-Fir-Hardwood Forest,Forest Height 0 to 5 meters,Tree Cover >= 50 and < 60%
,485,1,3362,110,102,Laurentian-Acadian Northern Pine Forest,665.000000000000000,Red Pine-White Pine Forest and Woodland,Forest Height 10 to 25 meters,Tree Cover >= 20 and < 30%
,486,4,3281,105,112,Laurentian-Acadian Alkaline Conifer-Hardwood Swamp Shrubland,694.000000000000000,Atlantic Swamp Forests,Shrub Height 0.5 to 1.0 meter,Shrub Cover >= 20 and < 30%
,487,6,3285,104,112,Laurentian-Acadian Shrub Wetlands,675.000000000000000,Inland Marshes and Prairies,Shrub Height 0 to 0.5 meters,Shrub Cover >= 20 and < 30%
,488,12,3239,109,103,Laurentian-Acadian Northern Pine-Oak Forest,665.000000000000000,Red Pine-White Pine Forest and Woodland,Forest Height 5 to 10 meters,Tree Cover >= 30 and < 40%
,489,1,3271,102,122,Eastern Boreal Floodplain Herbaceous,676.000000000000000,Jack Pine Forest,Herb Height 0.5 to 1.0 meters,Herb Cover >= 20 and < 30%
,490,1,3239,109,102,Laurentian-Acadian Northern Pine-Oak Forest,665.000000000000000,Red Pine-White Pine Forest and Woodland,Forest Height 5 to 10 meters,Tree Cover >= 20 and < 30%
,491,9,3477,108,105,Boreal Acidic Peatland Forest,683.000000000000000,Peatland Forests,Forest Height 0 to 5 meters,Tree Cover >= 50 and < 60%
,492,79,3245,109,101,Boreal White Spruce-Fir-Hardwood Forest,693.000000000000000,Spruce-Fir-Hardwood Forest,Forest Height 5 to 10 meters,Tree Cover >= 10 and < 20%
,493,13,3494,109,102,Laurentian-Acadian Forested Wetlands,675.000000000000000,Inland Marshes and Prairies,Forest Height 5 to 10 meters,Tree Cover >= 20 and < 30%
,494,7,3301,111,109,Boreal Aspen-Birch Forest,652.000000000000000,Aspen-Birch Forest,Forest Height 25 to 50 meters,Tree Cover >= 90 and <= 100%
,495,1,3976,102,121,Eastern Cool Temperate Fallow/Idle Cropland,66.000000000000000,Agricultural-Fallow/Idle Cropland,Herb Height 0.5 to 1.0 meters,Herb Cover >= 10 and < 20%
,496,2,3284,101,125,Laurentian-Acadian Herbaceous Wetlands,675.000000000000000,Inland Marshes and Prairies,Herb Height 0 to 0.5 meters,Herb Cover >= 50 and < 60%
,497,2,3365,109,104,Boreal White Spruce-Fir Forest,693.000000000000000,Spruce-Fir-Hardwood Forest,Forest Height 5 to 10 meters,Tree Cover >= 40 and < 50%
,498,7,3244,111,106,Boreal Hardwood Forest,693.000000000000000,Spruce-Fir-Hardwood Forest,Forest Height 25 to 50 meters,Tree Cover >= 60 and < 70%
,499,1,3977,102,126,Eastern Cool Temperate Pasture and Hayland,67.000000000000000,Agricultural-Pasture and Hayland,Herb Height 0.5 to 1.0 meters,Herb Cover >= 60 and < 70%
,500,10,3494,109,101,Laurentian-Acadian Forested Wetlands,675.000000000000000,Inland Marshes and Prairies,Forest Height 5 to 10 meters,Tree Cover >= 10 and < 20%
,501,4,3934,101,124,Eastern Cool Temperate Developed Ruderal Grassland,16.000000000000000,Developed-Upland Herbaceous,Herb Height 0 to 0.5 meters,Herb Cover >= 40 and < 50%
,502,1,3931,108,102,Eastern Cool Temperate Developed Ruderal Evergreen Forest,14.000000000000000,Developed-Upland Evergreen Forest,Forest Height 0 to 5 meters,Tree Cover >= 20 and < 30%
,503,3,3931,109,102,Eastern Cool Temperate Developed Ruderal Evergreen Forest,14.000000000000000,Developed-Upland Evergreen Forest,Forest Height 5 to 10 meters,Tree Cover >= 20 and < 30%
,504,1,3931,109,104,Eastern Cool Temperate Developed Ruderal Evergreen Forest,14.000000000000000,Developed-Upland Evergreen Forest,Forest Height 5 to 10 meters,Tree Cover >= 40 and < 50%
,505,3,3477,111,104,Boreal Acidic Peatland Forest,683.000000000000000,Peatland Forests,Forest Height 25 to 50 meters,Tree Cover >= 40 and < 50%
,506,2,3238,109,103,Laurentian-Acadian Northern Oak Forest,665.000000000000000,Red Pine-White Pine Forest and Woodland,Forest Height 5 to 10 meters,Tree Cover >= 30 and < 40%
,507,6,3279,104,114,Boreal Acidic Peatland Shrubland,683.000000000000000,Peatland Forests,Shrub Height 0 to 0.5 meters,Shrub Cover >= 40 and < 50%
,508,3,3281,104,114,Laurentian-Acadian Alkaline Conifer-Hardwood Swamp Shrubland,694.000000000000000,Atlantic Swamp Forests,Shrub Height 0 to 0.5 meters,Shrub Cover >= 40 and < 50%
,509,15,3279,104,113,Boreal Acidic Peatland Shrubland,683.000000000000000,Peatland Forests,Shrub Height 0 to 0.5 meters,Shrub Cover >= 30 and < 40%
,510,2,3281,106,114,Laurentian-Acadian Alkaline Conifer-Hardwood Swamp Shrubland,694.000000000000000,Atlantic Swamp Forests,Shrub Height 1.0 to 3.0 meters,Shrub Cover >= 40 and < 50%
,511,1,3281,106,112,Laurentian-Acadian Alkaline Conifer-Hardwood Swamp Shrubland,694.000000000000000,Atlantic Swamp Forests,Shrub Height 1.0 to 3.0 meters,Shrub Cover >= 20 and < 30%
,512,26,3284,101,124,Laurentian-Acadian Herbaceous Wetlands,675.000000000000000,Inland Marshes and Prairies,Herb Height 0 to 0.5 meters,Herb Cover >= 40 and < 50%
,513,1,3365,111,103,Boreal White Spruce-Fir Forest,693.000000000000000,Spruce-Fir-Hardwood Forest,Forest Height 25 to 50 meters,Tree Cover >= 30 and < 40%
,514,1,3365,111,105,Boreal White Spruce-Fir Forest,693.000000000000000,Spruce-Fir-Hardwood Forest,Forest Height 25 to 50 meters,Tree Cover >= 50 and < 60%
,515,1,3281,105,113,Laurentian-Acadian Alkaline Conifer-Hardwood Swamp Shrubland,694.000000000000000,Atlantic Swamp Forests,Shrub Height 0.5 to 1.0 meter,Shrub Cover >= 30 and < 40%
,516,1,3269,106,111,Laurentian Shrubland Barrens,676.000000000000000,Jack Pine Forest,Shrub Height 1.0 to 3.0 meters,Shrub Cover >= 10 and < 20%
,517,11,3301,111,105,Boreal Aspen-Birch Forest,652.000000000000000,Aspen-Birch Forest,Forest Height 25 to 50 meters,Tree Cover >= 50 and < 60%
,518,12,3269,104,115,Laurentian Shrubland Barrens,676.000000000000000,Jack Pine Forest,Shrub Height 0 to 0.5 meters,Shrub Cover >= 50 and < 60%
,519,39,3195,101,129,Recently Burned-Herb and Grass Cover,710.000000000000000,Transitional Herbacous Vegetation,Herb Height 0 to 0.5 meters,Herb Cover >= 90 and <= 100%
,520,1,3269,104,113,Laurentian Shrubland Barrens,676.000000000000000,Jack Pine Forest,Shrub Height 0 to 0.5 meters,Shrub Cover >= 30 and < 40%
,521,2,3285,104,113,Laurentian-Acadian Shrub Wetlands,675.000000000000000,Inland Marshes and Prairies,Shrub Height 0 to 0.5 meters,Shrub Cover >= 30 and < 40%
,522,1,3362,108,103,Laurentian-Acadian Northern Pine Forest,665.000000000000000,Red Pine-White Pine Forest and Woodland,Forest Height 0 to 5 meters,Tree Cover >= 30 and < 40%
,523,2,3279,105,114,Boreal Acidic Peatland Shrubland,683.000000000000000,Peatland Forests,Shrub Height 0.5 to 1.0 meter,Shrub Cover >= 40 and < 50%
,524,2,3281,105,114,Laurentian-Acadian Alkaline Conifer-Hardwood Swamp Shrubland,694.000000000000000,Atlantic Swamp Forests,Shrub Height 0.5 to 1.0 meter,Shrub Cover >= 40 and < 50%
,525,2,3241,111,104,Laurentian-Acadian Pine-Hemlock-Hardwood Forest,685.000000000000000,Pine-Hemlock-Hardwood Forest,Forest Height 25 to 50 meters,Tree Cover >= 40 and < 50%
,526,3,3301,110,101,Boreal Aspen-Birch Forest,652.000000000000000,Aspen-Birch Forest,Forest Height 10 to 25 meters,Tree Cover >= 10 and < 20%
,527,21,3534,109,101,Managed Tree Plantation-Northern and Central Hardwood and Conifer Plantation Group,731.000000000000000,Managed Tree Plantation,Forest Height 5 to 10 meters,Tree Cover >= 10 and < 20%
,528,2,3407,110,101,Laurentian Pine Barrens,676.000000000000000,Jack Pine Forest,Forest Height 10 to 25 meters,Tree Cover >= 10 and < 20%
,529,3,3245,110,101,Boreal White Spruce-Fir-Hardwood Forest,693.000000000000000,Spruce-Fir-Hardwood Forest,Forest Height 10 to 25 meters,Tree Cover >= 10 and < 20%
,530,3,3534,110,101,Managed Tree Plantation-Northern and Central Hardwood and Conifer Plantation Group,731.000000000000000,Managed Tree Plantation,Forest Height 10 to 25 meters,Tree Cover >= 10 and < 20%
,531,1,3494,108,105,Laurentian-Acadian Forested Wetlands,675.000000000000000,Inland Marshes and Prairies,Forest Height 0 to 5 meters,Tree Cover >= 50 and < 60%
,532,1,3362,110,101,Laurentian-Acadian Northern Pine Forest,665.000000000000000,Red Pine-White Pine Forest and Woodland,Forest Height 10 to 25 meters,Tree Cover >= 10 and < 20%
,533,8,3195,101,125,Recently Burned-Herb and Grass Cover,710.000000000000000,Transitional Herbacous Vegetation,Herb Height 0 to 0.5 meters,Herb Cover >= 50 and < 60%
,534,1,3934,102,127,Eastern Cool Temperate Developed Ruderal Grassland,16.000000000000000,Developed-Upland Herbaceous,Herb Height 0.5 to 1.0 meters,Herb Cover >= 70 and < 80%
,535,4,3191,101,122,Recently Logged-Herb and Grass Cover,710.000000000000000,Transitional Herbacous Vegetation,Herb Height 0 to 0.5 meters,Herb Cover >= 20 and < 30%
,536,961,3295,32,32,Quarries-Strip Mines-Gravel Pits,32.000000000000000,Quarries-Strip Mines-Gravel Pits,Quarries-Strip Mines-Gravel Pits,Quarries-Strip Mines-Gravel Pits
,537,1,3366,111,101,Laurentian-Acadian Pine-Hemlock Forest,685.000000000000000,Pine-Hemlock-Hardwood Forest,Forest Height 25 to 50 meters,Tree Cover >= 10 and < 20%
,538,1,3973,64,64,Eastern Cool Temperate Row Crop - Close Grown Crop,63.000000000000000,Agricultural-Row Crop-Close Grown Crop,NASS-Row Crop,NASS-Row Crop
,539,2,3931,109,103,Eastern Cool Temperate Developed Ruderal Evergreen Forest,14.000000000000000,Developed-Upland Evergreen Forest,Forest Height 5 to 10 meters,Tree Cover >= 30 and < 40%
,540,4,3477,111,106,Boreal Acidic Peatland Forest,683.000000000000000,Peatland Forests,Forest Height 25 to 50 meters,Tree Cover >= 60 and < 70%
,541,1,3976,102,122,Eastern Cool Temperate Fallow/Idle Cropland,66.000000000000000,Agricultural-Fallow/Idle Cropland,Herb Height 0.5 to 1.0 meters,Herb Cover >= 20 and < 30%
,542,1,3976,102,123,Eastern Cool Temperate Fallow/Idle Cropland,66.000000000000000,Agricultural-Fallow/Idle Cropland,Herb Height 0.5 to 1.0 meters,Herb Cover >= 30 and < 40%
,543,2,3365,109,101,Boreal White Spruce-Fir Forest,693.000000000000000,Spruce-Fir-Hardwood Forest,Forest Height 5 to 10 meters,Tree Cover >= 10 and < 20%
,544,1,3271,102,123,Eastern Boreal Floodplain Herbaceous,676.000000000000000,Jack Pine Forest,Herb Height 0.5 to 1.0 meters,Herb Cover >= 30 and < 40%
,545,1,3239,111,108,Laurentian-Acadian Northern Pine-Oak Forest,665.000000000000000,Red Pine-White Pine Forest and Woodland,Forest Height 25 to 50 meters,Tree Cover >= 80 and < 90%
,546,1,3497,100,100,Central Interior and Appalachian Sparsely Vegetated Systems,700.000000000000000,Sparse Vegetation,Sparse Vegetation Height,Sparse Vegetation Canopy
,547,1,3269,105,111,Laurentian Shrubland Barrens,676.000000000000000,Jack Pine Forest,Shrub Height 0.5 to 1.0 meter,Shrub Cover >= 10 and < 20%
,548,11,3365,110,101,Boreal White Spruce-Fir Forest,693.000000000000000,Spruce-Fir-Hardwood Forest,Forest Height 10 to 25 meters,Tree Cover >= 10 and < 20%
,549,1,3366,111,102,Laurentian-Acadian Pine-Hemlock Forest,685.000000000000000,Pine-Hemlock-Hardwood Forest,Forest Height 25 to 50 meters,Tree Cover >= 20 and < 30%
,550,1,3238,110,102,Laurentian-Acadian Northern Oak Forest,665.000000000000000,Red Pine-White Pine Forest and Woodland,Forest Height 10 to 25 meters,Tree Cover >= 20 and < 30%
,551,11,3285,104,115,Laurentian-Acadian Shrub Wetlands,675.000000000000000,Inland Marshes and Prairies,Shrub Height 0 to 0.5 meters,Shrub Cover >= 50 and < 60%
,552,2,3931,110,106,Eastern Cool Temperate Developed Ruderal Evergreen Forest,14.000000000000000,Developed-Upland Evergreen Forest,Forest Height 10 to 25 meters,Tree Cover >= 60 and < 70%
,553,3,3301,111,104,Boreal Aspen-Birch Forest,652.000000000000000,Aspen-Birch Forest,Forest Height 25 to 50 meters,Tree Cover >= 40 and < 50%
,554,1,3970,109,101,Eastern Cool Temperate Orchard,60.000000000000000,Agricultural-Orchard,Forest Height 5 to 10 meters,Tree Cover >= 10 and < 20%
,555,1,3271,102,125,Eastern Boreal Floodplain Herbaceous,676.000000000000000,Jack Pine Forest,Herb Height 0.5 to 1.0 meters,Herb Cover >= 50 and < 60%
,556,1,3362,109,102,Laurentian-Acadian Northern Pine Forest,665.000000000000000,Red Pine-White Pine Forest and Woodland,Forest Height 5 to 10 meters,Tree Cover >= 20 and < 30%
,557,28,3344,109,102,Boreal Jack Pine-Black Spruce Forest,676.000000000000000,Jack Pine Forest,Forest Height 5 to 10 meters,Tree Cover >= 20 and < 30%
,558,1,3245,111,106,Boreal White Spruce-Fir-Hardwood Forest,693.000000000000000,Spruce-Fir-Hardwood Forest,Forest Height 25 to 50 meters,Tree Cover >= 60 and < 70%
,559,1,3365,109,108,Boreal White Spruce-Fir Forest,693.000000000000000,Spruce-Fir-Hardwood Forest,Forest Height 5 to 10 meters,Tree Cover >= 80 and < 90%
,560,1,3245,111,108,Boreal White Spruce-Fir-Hardwood Forest,693.000000000000000,Spruce-Fir-Hardwood Forest,Forest Height 25 to 50 meters,Tree Cover >= 80 and < 90%
,561,1,3278,101,127,Boreal Acidic Peatland Herbaceous,683.000000000000000,Peatland Forests,Herb Height 0 to 0.5 meters,Herb Cover >= 70 and < 80%
,562,1,3245,108,106,Boreal White Spruce-Fir-Hardwood Forest,693.000000000000000,Spruce-Fir-Hardwood Forest,Forest Height 0 to 5 meters,Tree Cover >= 60 and < 70%
,563,2,3244,108,105,Boreal Hardwood Forest,693.000000000000000,Spruce-Fir-Hardwood Forest,Forest Height 0 to 5 meters,Tree Cover >= 50 and < 60%
,564,1,3931,108,104,Eastern Cool Temperate Developed Ruderal Evergreen Forest,14.000000000000000,Developed-Upland Evergreen Forest,Forest Height 0 to 5 meters,Tree Cover >= 40 and < 50%
,565,2,3481,108,105,Laurentian-Acadian Alkaline Conifer-Hardwood Swamp Forest,694.000000000000000,Atlantic Swamp Forests,Forest Height 0 to 5 meters,Tree Cover >= 50 and < 60%
,566,1,3977,101,125,Eastern Cool Temperate Pasture and Hayland,67.000000000000000,Agricultural-Pasture and Hayland,Herb Height 0 to 0.5 meters,Herb Cover >= 50 and < 60%
,567,1,3977,101,124,Eastern Cool Temperate Pasture and Hayland,67.000000000000000,Agricultural-Pasture and Hayland,Herb Height 0 to 0.5 meters,Herb Cover >= 40 and < 50%
,568,2,3977,101,126,Eastern Cool Temperate Pasture and Hayland,67.000000000000000,Agricultural-Pasture and Hayland,Herb Height 0 to 0.5 meters,Herb Cover >= 60 and < 70%
,569,2,3481,110,101,Laurentian-Acadian Alkaline Conifer-Hardwood Swamp Forest,694.000000000000000,Atlantic Swamp Forests,Forest Height 10 to 25 meters,Tree Cover >= 10 and < 20%
,570,1,3365,108,101,Boreal White Spruce-Fir Forest,693.000000000000000,Spruce-Fir-Hardwood Forest,Forest Height 0 to 5 meters,Tree Cover >= 10 and < 20%
,571,1,3930,108,103,Eastern Cool Temperate Developed Ruderal Deciduous Forest,13.000000000000000,Developed-Upland Deciduous Forest,Forest Height 0 to 5 meters,Tree Cover >= 30 and < 40%